In_preprint	Study	Sample	Experiment	Run	Run_count	Platform	Country	Region	Collection_date	First_created	Date_tree	Date_tree_order	Viridian_result	Genbank_accession	Genbank_other_runs	In_Viridian_tree	In_intersection	Artic_primer_version	Viridian_amplicon_scheme	Viridian_N	Genbank_N	Viridian_pangolin	Viridian_scorpio	Genbank_pangolin	Genbank_scorpio	Genbank_tree_name	Viridian_cons_len	Viridian_cons_het	Viridian_pangolin_1.29	Viridian_scorpio_1.29
T	PRJEB47121	SAMEA9781395	ERX6172603	ERR6546375	1	ILLUMINA	Estonia	none	2021-08-02	2021-08-22	2021-08-02	Date	PASS	.	.	T	F	.	COVID-ARTIC-V3	306	.	AY.100	Delta (B.1.617.2-like)	.	.	.	29810	0	AY.100	Delta (B.1.617.2-like)
T	PRJEB47121	SAMEA9781396	ERX6172604	ERR6546376	1	ILLUMINA	Estonia	none	2021-08-02	2021-08-22	2021-08-02	Date	PASS	.	.	T	F	.	COVID-ARTIC-V3	199	.	AY.122	Delta (B.1.617.2-like)	.	.	.	29807	3	AY.122	Delta (B.1.617.2-like)
T	PRJEB47121	SAMEA9781397	ERX6172605	ERR6546377	1	ILLUMINA	Estonia	none	2021-08-02	2021-08-22	2021-08-02	Date	PASS	.	.	F	F	.	COVID-ARTIC-V3	295	.	B.1.617.2	Delta (B.1.617.2-like)	.	.	.	29808	16	B.1.617.2	Delta (B.1.617.2-like)
T	PRJEB47121	SAMEA9781398	ERX6172606	ERR6546378	1	ILLUMINA	Estonia	none	2021-08-02	2021-08-22	2021-08-02	Date	PASS	.	.	F	F	.	COVID-ARTIC-V3	287	.	B.1.617.2	Delta (B.1.617.2-like)	.	.	.	29808	13	B.1.617.2	Delta (B.1.617.2-like)
T	PRJEB47121	SAMEA9781399	ERX6172607	ERR6546379	1	ILLUMINA	Estonia	none	2021-08-02	2021-08-22	2021-08-02	Date	PASS	.	.	F	F	.	COVID-ARTIC-V3	535	.	B.1.617.2	Delta (B.1.617.2-like)	.	.	.	29800	18	B.1.617.2	Delta (B.1.617.2-like)
T	PRJEB47121	SAMEA9781400	ERX6172608	ERR6546380	1	ILLUMINA	Estonia	none	2021-08-02	2021-08-22	2021-08-02	Date	PASS	.	.	T	F	.	COVID-ARTIC-V3	285	.	AY.100	Delta (B.1.617.2-like)	.	.	.	29808	0	AY.100	Delta (B.1.617.2-like)
T	PRJEB47121	SAMEA9781401	ERX6172609	ERR6546381	1	ILLUMINA	Estonia	none	2021-08-02	2021-08-22	2021-08-02	Date	PASS	.	.	T	F	.	COVID-ARTIC-V3	285	.	AY.122	Delta (B.1.617.2-like)	.	.	.	29800	1	AY.122	Delta (B.1.617.2-like)
T	PRJEB47121	SAMEA9781402	ERX6172610	ERR6546382	1	ILLUMINA	Estonia	none	2021-08-02	2021-08-22	2021-08-02	Date	PASS	.	.	T	F	.	COVID-ARTIC-V3	285	.	AY.100	Delta (B.1.617.2-like)	.	.	.	29800	3	AY.100	Delta (B.1.617.2-like)
T	PRJEB47121	SAMEA9781403	ERX6172611	ERR6546383	1	ILLUMINA	Estonia	none	2021-08-02	2021-08-22	2021-08-02	Date	PASS	.	.	T	F	.	COVID-ARTIC-V3	286	.	AY.122	Delta (B.1.617.2-like)	.	.	.	29800	1	AY.122	Delta (B.1.617.2-like)
T	PRJEB47121	SAMEA9781404	ERX6172612	ERR6546384	1	ILLUMINA	Estonia	none	2021-08-02	2021-08-22	2021-08-02	Date	PASS	.	.	T	F	.	COVID-ARTIC-V3	742	.	AY.4.4	Delta (AY.4-like)	.	.	.	29788	0	AY.4.4	Delta (AY.4-like)
T	PRJEB47121	SAMEA9781405	ERX6172613	ERR6546385	1	ILLUMINA	Estonia	none	2021-08-02	2021-08-22	2021-08-02	Date	PASS	.	.	F	F	.	COVID-ARTIC-V3	289	.	AY.122	Delta (B.1.617.2-like)	.	.	.	29804	6	AY.122	Delta (B.1.617.2-like)
T	PRJEB47121	SAMEA9781406	ERX6172614	ERR6546386	1	ILLUMINA	Estonia	none	2021-08-02	2021-08-22	2021-08-02	Date	PASS	.	.	T	F	.	COVID-ARTIC-V3	1017	.	AY.122	Delta (B.1.617.2-like)	.	.	.	29800	0	AY.122	Delta (B.1.617.2-like)
T	PRJEB47121	SAMEA9781407	ERX6172615	ERR6546387	1	ILLUMINA	Estonia	none	2021-08-02	2021-08-22	2021-08-02	Date	PASS	.	.	F	F	.	COVID-ARTIC-V3	432	.	AY.122	Delta (B.1.617.2-like)	.	.	.	29799	13	AY.122	Delta (B.1.617.2-like)
T	PRJEB47121	SAMEA9781408	ERX6172616	ERR6546388	1	ILLUMINA	Estonia	none	2021-08-02	2021-08-22	2021-08-02	Date	PASS	.	.	T	F	.	COVID-ARTIC-V3	274	.	AY.122	Delta (B.1.617.2-like)	.	.	.	29800	1	AY.122	Delta (B.1.617.2-like)
T	PRJEB47121	SAMEA9781409	ERX6172617	ERR6546389	1	ILLUMINA	Estonia	none	2021-08-02	2021-08-22	2021-08-02	Date	PASS	.	.	T	F	.	COVID-ARTIC-V3	514	.	AY.100	Delta (B.1.617.2-like)	.	.	.	29799	1	AY.100	Delta (B.1.617.2-like)
T	PRJEB47121	SAMEA9781410	ERX6172618	ERR6546390	1	ILLUMINA	Estonia	none	2021-08-02	2021-08-22	2021-08-02	Date	PASS	.	.	F	F	.	COVID-ARTIC-V3	638	.	B.1.617.2	Delta (B.1.617.2-like)	.	.	.	29799	17	AY.100	Delta (B.1.617.2-like)
T	PRJEB47121	SAMEA9781411	ERX6172619	ERR6546391	1	ILLUMINA	Estonia	none	2021-08-02	2021-08-22	2021-08-02	Date	PASS	.	.	T	F	.	COVID-ARTIC-V3	1098	.	AY.122	Delta (B.1.617.2-like)	.	.	.	29799	0	AY.122	Delta (B.1.617.2-like)
T	PRJEB47121	SAMEA9781412	ERX6172620	ERR6546392	1	ILLUMINA	Estonia	none	2021-08-02	2021-08-22	2021-08-02	Date	PASS	.	.	T	F	.	COVID-ARTIC-V3	580	.	AY.4.4	Delta (AY.4-like)	.	.	.	29799	1	AY.4.4	Delta (AY.4-like)
T	PRJEB47121	SAMEA9781413	ERX6172621	ERR6546393	1	ILLUMINA	Estonia	none	2021-08-02	2021-08-22	2021-08-02	Date	PASS	.	.	T	F	.	COVID-ARTIC-V3	1013	.	AY.122.2	Delta (B.1.617.2-like)	.	.	.	29799	0	AY.122.2	Delta (B.1.617.2-like)
T	PRJEB47121	SAMEA9781414	ERX6172622	ERR6546394	1	ILLUMINA	Estonia	none	2021-08-02	2021-08-22	2021-08-02	Date	PASS	.	.	T	F	.	COVID-ARTIC-V3	759	.	AY.43	Delta (B.1.617.2-like)	.	.	.	29797	0	AY.43	Delta (B.1.617.2-like)
T	PRJEB47121	SAMEA9781415	ERX6172623	ERR6546395	1	ILLUMINA	Estonia	none	2021-08-02	2021-08-22	2021-08-02	Date	PASS	.	.	F	F	.	COVID-ARTIC-V3	1000	.	B.1.617.2	Delta (B.1.617.2-like)	.	.	.	29802	17	B.1.617.2	Delta (B.1.617.2-like)
T	PRJEB47121	SAMEA9781416	ERX6172624	ERR6546396	1	ILLUMINA	Estonia	none	2021-08-02	2021-08-22	2021-08-02	Date	PASS	.	.	F	F	.	COVID-ARTIC-V3	285	.	B.1.617.2	Delta (B.1.617.2-like)	.	.	.	29800	18	B.1.617.2	Delta (B.1.617.2-like)
T	PRJEB47121	SAMEA9781417	ERX6172625	ERR6546397	1	ILLUMINA	Estonia	none	2021-08-02	2021-08-22	2021-08-02	Date	PASS	.	.	T	F	.	COVID-ARTIC-V3	290	.	AY.43	Delta (B.1.617.2-like)	.	.	.	29810	0	AY.43	Delta (B.1.617.2-like)
T	PRJEB47121	SAMEA9781418	ERX6172626	ERR6546398	1	ILLUMINA	Estonia	none	2021-08-02	2021-08-22	2021-08-02	Date	PASS	.	.	T	F	.	COVID-ARTIC-V3	346	.	AY.4.6	Delta (AY.4-like)	.	.	.	29800	0	AY.4.6	Delta (AY.4-like)
T	PRJEB47121	SAMEA9781445	ERX6172653	ERR6546399	1	ILLUMINA	Estonia	none	2021-08-03	2021-08-22	2021-08-03	Date	PASS	.	.	T	F	.	COVID-ARTIC-V3	286	.	AY.122	Delta (B.1.617.2-like)	.	.	.	29802	1	AY.122	Delta (B.1.617.2-like)
T	PRJEB47121	SAMEA9781446	ERX6172654	ERR6546400	1	ILLUMINA	Estonia	none	2021-08-03	2021-08-22	2021-08-03	Date	PASS	.	.	T	F	.	COVID-ARTIC-V3	292	.	AY.122	Delta (B.1.617.2-like)	.	.	.	29794	2	AY.122	Delta (B.1.617.2-like)
T	PRJEB47121	SAMEA9781447	ERX6172655	ERR6546401	1	ILLUMINA	Estonia	none	2021-08-03	2021-08-22	2021-08-03	Date	PASS	.	.	F	F	.	COVID-ARTIC-V3	479	.	B.1.617.2	Delta (B.1.617.2-like)	.	.	.	29800	24	B.1.617.2	Delta (B.1.617.2-like)
T	PRJEB47121	SAMEA9781357	ERX6172565	ERR6546402	1	ILLUMINA	Estonia	none	2021-08-01	2021-08-22	2021-08-01	Date	PASS	.	.	T	F	.	COVID-ARTIC-V3	295	.	AY.100	Delta (B.1.617.2-like)	.	.	.	29798	1	AY.100	Delta (B.1.617.2-like)
T	PRJEB47121	SAMEA9781358	ERX6172566	ERR6546403	1	ILLUMINA	Estonia	none	2021-08-01	2021-08-22	2021-08-01	Date	PASS	.	.	T	F	.	COVID-ARTIC-V3	746	.	AY.122	Delta (B.1.617.2-like)	.	.	.	29800	2	AY.122	Delta (B.1.617.2-like)
T	PRJEB47121	SAMEA9781359	ERX6172567	ERR6546404	1	ILLUMINA	Estonia	none	2021-08-01	2021-08-22	2021-08-01	Date	PASS	.	.	T	F	.	COVID-ARTIC-V3	542	.	AY.100	Delta (B.1.617.2-like)	.	.	.	29800	1	AY.100	Delta (B.1.617.2-like)
T	PRJEB47121	SAMEA9781360	ERX6172568	ERR6546405	1	ILLUMINA	Estonia	none	2021-08-01	2021-08-22	2021-08-01	Date	PASS	.	.	F	F	.	COVID-ARTIC-V3	286	.	B.1.617.2	Delta (B.1.617.2-like)	.	.	.	29802	20	B.1.617.2	Delta (B.1.617.2-like)
T	PRJEB47121	SAMEA9781361	ERX6172569	ERR6546406	1	ILLUMINA	Estonia	none	2021-08-01	2021-08-22	2021-08-01	Date	PASS	.	.	T	F	.	COVID-ARTIC-V3	825	.	AY.122	Delta (B.1.617.2-like)	.	.	.	29801	1	AY.122	Delta (B.1.617.2-like)
T	PRJEB47121	SAMEA9781362	ERX6172570	ERR6546407	1	ILLUMINA	Estonia	none	2021-08-01	2021-08-22	2021-08-01	Date	PASS	.	.	T	F	.	COVID-ARTIC-V3	293	.	AY.122	Delta (B.1.617.2-like)	.	.	.	29798	0	AY.122	Delta (B.1.617.2-like)
T	PRJEB47121	SAMEA9781363	ERX6172571	ERR6546408	1	ILLUMINA	Estonia	none	2021-08-01	2021-08-22	2021-08-01	Date	PASS	.	.	T	F	.	COVID-ARTIC-V3	285	.	AY.122	Delta (B.1.617.2-like)	.	.	.	29800	0	AY.122	Delta (B.1.617.2-like)
T	PRJEB47121	SAMEA9781364	ERX6172572	ERR6546409	1	ILLUMINA	Estonia	none	2021-08-01	2021-08-22	2021-08-01	Date	PASS	.	.	T	F	.	COVID-ARTIC-V3	286	.	AY.122	Delta (B.1.617.2-like)	.	.	.	29802	1	AY.122	Delta (B.1.617.2-like)
T	PRJEB47121	SAMEA9781365	ERX6172573	ERR6546410	1	ILLUMINA	Estonia	none	2021-08-01	2021-08-22	2021-08-01	Date	PASS	.	.	F	F	.	COVID-ARTIC-V3	286	.	AY.122	Delta (B.1.617.2-like)	.	.	.	29808	4	AY.122	Delta (B.1.617.2-like)
T	PRJEB47121	SAMEA9781366	ERX6172574	ERR6546411	1	ILLUMINA	Estonia	none	2021-08-01	2021-08-22	2021-08-01	Date	PASS	.	.	T	F	.	COVID-ARTIC-V3	464	.	AY.122	Delta (B.1.617.2-like)	.	.	.	29795	1	AY.122	Delta (B.1.617.2-like)
T	PRJEB47121	SAMEA9781367	ERX6172575	ERR6546412	1	ILLUMINA	Estonia	none	2021-08-01	2021-08-22	2021-08-01	Date	PASS	.	.	F	F	.	COVID-ARTIC-V3	1025	.	B.1.617.2	Delta (B.1.617.2-like)	.	.	.	29800	14	B.1.617.2	Delta (B.1.617.2-like)
T	PRJEB47121	SAMEA9781368	ERX6172576	ERR6546413	1	ILLUMINA	Estonia	none	2021-08-01	2021-08-22	2021-08-01	Date	PASS	.	.	F	F	.	COVID-ARTIC-V3	470	.	B.1.617.2	Delta (B.1.617.2-like)	.	.	.	29805	8	B.1.617.2	Delta (B.1.617.2-like)
T	PRJEB47121	SAMEA9781369	ERX6172577	ERR6546414	1	ILLUMINA	Estonia	none	2021-08-01	2021-08-22	2021-08-01	Date	PASS	.	.	F	F	.	COVID-ARTIC-V3	716	.	B.1.617.2	Delta (B.1.617.2-like)	.	.	.	29808	15	B.1.617.2	Delta (B.1.617.2-like)
T	PRJEB47121	SAMEA9781370	ERX6172578	ERR6546415	1	ILLUMINA	Estonia	none	2021-08-01	2021-08-22	2021-08-01	Date	PASS	.	.	T	F	.	COVID-ARTIC-V3	285	.	AY.43	Delta (B.1.617.2-like)	.	.	.	29806	1	AY.43	Delta (B.1.617.2-like)
T	PRJEB47121	SAMEA9781371	ERX6172579	ERR6546416	1	ILLUMINA	Estonia	none	2021-08-01	2021-08-22	2021-08-01	Date	PASS	.	.	F	F	.	COVID-ARTIC-V3	1098	.	AY.122	Delta (B.1.617.2-like)	.	.	.	29795	8	AY.122	Delta (B.1.617.2-like)
T	PRJEB47121	SAMEA9781372	ERX6172580	ERR6546417	1	ILLUMINA	Estonia	none	2021-08-01	2021-08-22	2021-08-01	Date	PASS	.	.	T	F	.	COVID-ARTIC-V3	337	.	AY.122	Delta (B.1.617.2-like)	.	.	.	29800	1	AY.122	Delta (B.1.617.2-like)
T	PRJEB47121	SAMEA9781373	ERX6172581	ERR6546418	1	ILLUMINA	Estonia	none	2021-08-01	2021-08-22	2021-08-01	Date	PASS	.	.	T	F	.	COVID-ARTIC-V3	581	.	AY.122	Delta (B.1.617.2-like)	.	.	.	29800	3	AY.122	Delta (B.1.617.2-like)
T	PRJEB47121	SAMEA9781419	ERX6172627	ERR6546419	1	ILLUMINA	Estonia	none	2021-08-02	2021-08-22	2021-08-02	Date	PASS	.	.	T	F	.	COVID-ARTIC-V3	787	.	AY.122	Delta (B.1.617.2-like)	.	.	.	29799	0	AY.122	Delta (B.1.617.2-like)
T	PRJEB47121	SAMEA9781374	ERX6172582	ERR6546420	1	ILLUMINA	Estonia	none	2021-08-01	2021-08-22	2021-08-01	Date	PASS	.	.	T	F	.	COVID-ARTIC-V3	295	.	AY.100	Delta (B.1.617.2-like)	.	.	.	29805	1	AY.100	Delta (B.1.617.2-like)
T	PRJEB47121	SAMEA9781375	ERX6172583	ERR6546421	1	ILLUMINA	Estonia	none	2021-08-01	2021-08-22	2021-08-01	Date	PASS	.	.	T	F	.	COVID-ARTIC-V3	560	.	AY.122	Delta (B.1.617.2-like)	.	.	.	29801	1	AY.122	Delta (B.1.617.2-like)
T	PRJEB47121	SAMEA9781376	ERX6172584	ERR6546422	1	ILLUMINA	Estonia	none	2021-08-01	2021-08-22	2021-08-01	Date	PASS	.	.	T	F	.	COVID-ARTIC-V3	296	.	AY.100	Delta (B.1.617.2-like)	.	.	.	29808	2	AY.100	Delta (B.1.617.2-like)
T	PRJEB47121	SAMEA9781377	ERX6172585	ERR6546423	1	ILLUMINA	Estonia	none	2021-08-01	2021-08-22	2021-08-01	Date	PASS	.	.	T	F	.	COVID-ARTIC-V3	326	.	AY.122.2	Delta (B.1.617.2-like)	.	.	.	29808	0	AY.122.2	Delta (B.1.617.2-like)
T	PRJEB47121	SAMEA9781378	ERX6172586	ERR6546424	1	ILLUMINA	Estonia	none	2021-08-01	2021-08-22	2021-08-01	Date	PASS	.	.	T	F	.	COVID-ARTIC-V3	1514	.	AY.122	Delta (B.1.617.2-like)	.	.	.	29801	0	AY.122	Delta (B.1.617.2-like)
T	PRJEB47121	SAMEA9781379	ERX6172587	ERR6546425	1	ILLUMINA	Estonia	none	2021-08-01	2021-08-22	2021-08-01	Date	PASS	.	.	T	F	.	COVID-ARTIC-V3	311	.	AY.100	Delta (B.1.617.2-like)	.	.	.	29802	3	AY.100	Delta (B.1.617.2-like)
T	PRJEB47121	SAMEA9781380	ERX6172588	ERR6546426	1	ILLUMINA	Estonia	none	2021-08-01	2021-08-22	2021-08-01	Date	PASS	.	.	T	F	.	COVID-ARTIC-V3	349	.	AY.100	Delta (B.1.617.2-like)	.	.	.	29800	0	AY.100	Delta (B.1.617.2-like)
T	PRJEB47121	SAMEA9781381	ERX6172589	ERR6546427	1	ILLUMINA	Estonia	none	2021-08-01	2021-08-22	2021-08-01	Date	PASS	.	.	T	F	.	COVID-ARTIC-V3	351	.	AY.122	Delta (B.1.617.2-like)	.	.	.	29800	3	AY.122	Delta (B.1.617.2-like)
T	PRJEB47121	SAMEA9781382	ERX6172590	ERR6546428	1	ILLUMINA	Estonia	none	2021-08-01	2021-08-22	2021-08-01	Date	PASS	.	.	T	F	.	COVID-ARTIC-V3	1892	.	B.1.1.7	Alpha (B.1.1.7-like)	.	.	.	29777	0	B.1.1.7	Alpha (B.1.1.7-like)
T	PRJEB47121	SAMEA9781383	ERX6172591	ERR6546429	1	ILLUMINA	Estonia	none	2021-08-01	2021-08-22	2021-08-01	Date	PASS	.	.	T	F	.	COVID-ARTIC-V3	1350	.	AY.100	Delta (B.1.617.2-like)	.	.	.	29799	1	AY.100	Delta (B.1.617.2-like)
T	PRJEB47121	SAMEA9781384	ERX6172592	ERR6546430	1	ILLUMINA	Estonia	none	2021-08-01	2021-08-22	2021-08-01	Date	PASS	.	.	F	F	.	COVID-ARTIC-V3	11654	.	B.1.617.2	Delta (B.1.617.2-like)	.	.	.	29627	0	B.1.617.2	Delta (B.1.617.2-like)
T	PRJEB47121	SAMEA9781385	ERX6172593	ERR6546431	1	ILLUMINA	Estonia	none	2021-08-01	2021-08-22	2021-08-01	Date	PASS	.	.	T	F	.	COVID-ARTIC-V3	656	.	AY.100	Delta (B.1.617.2-like)	.	.	.	29784	0	AY.100	Delta (B.1.617.2-like)
T	PRJEB47121	SAMEA9781386	ERX6172594	ERR6546432	1	ILLUMINA	Estonia	none	2021-08-01	2021-08-22	2021-08-01	Date	PASS	.	.	T	F	.	COVID-ARTIC-V3	1019	.	AY.122	Delta (B.1.617.2-like)	.	.	.	29791	1	AY.122	Delta (B.1.617.2-like)
T	PRJEB47121	SAMEA9781387	ERX6172595	ERR6546433	1	ILLUMINA	Estonia	none	2021-08-01	2021-08-22	2021-08-01	Date	PASS	.	.	T	F	.	COVID-ARTIC-V3	295	.	AY.122.2	Delta (B.1.617.2-like)	.	.	.	29810	2	AY.122.2	Delta (B.1.617.2-like)
T	PRJEB47121	SAMEA9781388	ERX6172596	ERR6546434	1	ILLUMINA	Estonia	none	2021-08-01	2021-08-22	2021-08-01	Date	PASS	.	.	F	F	.	COVID-ARTIC-V3	285	.	AY.122.2	Delta (B.1.617.2-like)	.	.	.	29808	5	AY.122.2	Delta (B.1.617.2-like)
T	PRJEB47121	SAMEA9781389	ERX6172597	ERR6546435	1	ILLUMINA	Estonia	none	2021-08-01	2021-08-22	2021-08-01	Date	PASS	.	.	T	F	.	COVID-ARTIC-V3	608	.	AY.122	Delta (B.1.617.2-like)	.	.	.	29805	0	AY.122	Delta (B.1.617.2-like)
T	PRJEB47121	SAMEA9781390	ERX6172598	ERR6546436	1	ILLUMINA	Estonia	none	2021-08-01	2021-08-22	2021-08-01	Date	PASS	.	.	F	F	.	COVID-ARTIC-V3	766	.	AY.122	Delta (B.1.617.2-like)	.	.	.	29803	14	AY.122	Delta (B.1.617.2-like)
T	PRJEB47121	SAMEA9781391	ERX6172599	ERR6546437	1	ILLUMINA	Estonia	none	2021-08-01	2021-08-22	2021-08-01	Date	PASS	.	.	T	F	.	COVID-ARTIC-V3	287	.	AY.122	Delta (B.1.617.2-like)	.	.	.	29810	1	AY.122	Delta (B.1.617.2-like)
T	PRJEB47121	SAMEA9781392	ERX6172600	ERR6546438	1	ILLUMINA	Estonia	none	2021-08-01	2021-08-22	2021-08-01	Date	PASS	.	.	T	F	.	COVID-ARTIC-V3	285	.	AY.122	Delta (B.1.617.2-like)	.	.	.	29808	0	AY.122	Delta (B.1.617.2-like)
T	PRJEB47121	SAMEA9781393	ERX6172601	ERR6546439	1	ILLUMINA	Estonia	none	2021-08-01	2021-08-22	2021-08-01	Date	PASS	.	.	T	F	.	COVID-ARTIC-V3	1573	.	AY.100	Delta (B.1.617.2-like)	.	.	.	29808	1	AY.100	Delta (B.1.617.2-like)
T	PRJEB47121	SAMEA9781394	ERX6172602	ERR6546440	1	ILLUMINA	Estonia	none	2021-08-01	2021-08-22	2021-08-01	Date	PASS	.	.	T	F	.	COVID-ARTIC-V3	771	.	AY.100	Delta (B.1.617.2-like)	.	.	.	29800	3	AY.100	Delta (B.1.617.2-like)
T	PRJEB47121	SAMEA9781420	ERX6172628	ERR6546441	1	ILLUMINA	Estonia	none	2021-08-02	2021-08-22	2021-08-02	Date	PASS	.	.	F	F	.	COVID-ARTIC-V3	295	.	AY.122	Delta (B.1.617.2-like)	.	.	.	29792	6	AY.122	Delta (B.1.617.2-like)
T	PRJEB47121	SAMEA9781421	ERX6172629	ERR6546442	1	ILLUMINA	Estonia	none	2021-08-02	2021-08-22	2021-08-02	Date	PASS	.	.	F	F	.	COVID-ARTIC-V3	285	.	AY.122	Delta (B.1.617.2-like)	.	.	.	29808	15	AY.122	Delta (B.1.617.2-like)
T	PRJEB47121	SAMEA9781422	ERX6172630	ERR6546443	1	ILLUMINA	Estonia	none	2021-08-02	2021-08-22	2021-08-02	Date	PASS	.	.	T	F	.	COVID-ARTIC-V3	295	.	AY.122	Delta (B.1.617.2-like)	.	.	.	29808	1	AY.122	Delta (B.1.617.2-like)
T	PRJEB47121	SAMEA9781423	ERX6172631	ERR6546444	1	ILLUMINA	Estonia	none	2021-08-02	2021-08-22	2021-08-02	Date	PASS	.	.	T	F	.	COVID-ARTIC-V3	290	.	AY.122	Delta (B.1.617.2-like)	.	.	.	29811	2	AY.122	Delta (B.1.617.2-like)
T	PRJEB47121	SAMEA9781424	ERX6172632	ERR6546445	1	ILLUMINA	Estonia	none	2021-08-02	2021-08-22	2021-08-02	Date	PASS	.	.	T	F	.	COVID-ARTIC-V3	290	.	AY.122.2	Delta (B.1.617.2-like)	.	.	.	29810	2	AY.122.2	Delta (B.1.617.2-like)
T	PRJEB47121	SAMEA9781425	ERX6172633	ERR6546446	1	ILLUMINA	Estonia	none	2021-08-02	2021-08-22	2021-08-02	Date	PASS	.	.	F	F	.	COVID-ARTIC-V3	300	.	AY.100	Delta (B.1.617.2-like)	.	.	.	29800	6	AY.100	Delta (B.1.617.2-like)
T	PRJEB47121	SAMEA9781426	ERX6172634	ERR6546447	1	ILLUMINA	Estonia	none	2021-08-02	2021-08-22	2021-08-02	Date	PASS	.	.	T	F	.	COVID-ARTIC-V3	290	.	AY.122	Delta (B.1.617.2-like)	.	.	.	29808	2	AY.122	Delta (B.1.617.2-like)
T	PRJEB47121	SAMEA9781427	ERX6172635	ERR6546448	1	ILLUMINA	Estonia	none	2021-08-02	2021-08-22	2021-08-02	Date	PASS	.	.	F	F	.	COVID-ARTIC-V3	295	.	AY.122	Delta (B.1.617.2-like)	.	.	.	29800	17	AY.122	Delta (B.1.617.2-like)
T	PRJEB47121	SAMEA9781428	ERX6172636	ERR6546449	1	ILLUMINA	Estonia	none	2021-08-02	2021-08-22	2021-08-02	Date	PASS	.	.	T	F	.	COVID-ARTIC-V3	318	.	AY.122	Delta (B.1.617.2-like)	.	.	.	29801	0	AY.122	Delta (B.1.617.2-like)
T	PRJEB47121	SAMEA9781429	ERX6172637	ERR6546450	1	ILLUMINA	Estonia	none	2021-08-02	2021-08-22	2021-08-02	Date	PASS	.	.	T	F	.	COVID-ARTIC-V3	296	.	AY.122	Delta (B.1.617.2-like)	.	.	.	29808	3	AY.122	Delta (B.1.617.2-like)
T	PRJEB47121	SAMEA9781430	ERX6172638	ERR6546451	1	ILLUMINA	Estonia	none	2021-08-02	2021-08-22	2021-08-02	Date	PASS	.	.	T	F	.	COVID-ARTIC-V3	434	.	AY.122	Delta (B.1.617.2-like)	.	.	.	29808	0	AY.122	Delta (B.1.617.2-like)
T	PRJEB47121	SAMEA9781431	ERX6172639	ERR6546452	1	ILLUMINA	Estonia	none	2021-08-02	2021-08-22	2021-08-02	Date	PASS	.	.	T	F	.	COVID-ARTIC-V3	313	.	AY.122	Delta (B.1.617.2-like)	.	.	.	29808	0	AY.122	Delta (B.1.617.2-like)
T	PRJEB47121	SAMEA9781432	ERX6172640	ERR6546453	1	ILLUMINA	Estonia	none	2021-08-02	2021-08-22	2021-08-02	Date	PASS	.	.	T	F	.	COVID-ARTIC-V3	299	.	AY.122	Delta (B.1.617.2-like)	.	.	.	29808	1	AY.122	Delta (B.1.617.2-like)
T	PRJEB47121	SAMEA9781433	ERX6172641	ERR6546454	1	ILLUMINA	Estonia	none	2021-08-02	2021-08-22	2021-08-02	Date	PASS	.	.	F	F	.	COVID-ARTIC-V3	312	.	B.1.617.2	Delta (B.1.617.2-like)	.	.	.	29800	20	B.1.617.2	Delta (B.1.617.2-like)
T	PRJEB47121	SAMEA9781434	ERX6172642	ERR6546455	1	ILLUMINA	Estonia	none	2021-08-02	2021-08-22	2021-08-02	Date	PASS	.	.	T	F	.	COVID-ARTIC-V3	295	.	AY.4	Delta (AY.4-like)	.	.	.	29800	1	AY.4	Delta (AY.4-like)
T	PRJEB47121	SAMEA9781448	ERX6172656	ERR6546456	1	ILLUMINA	Estonia	none	2021-08-03	2021-08-22	2021-08-03	Date	PASS	.	.	T	F	.	COVID-ARTIC-V3	307	.	AY.122	Delta (B.1.617.2-like)	.	.	.	29802	0	AY.122	Delta (B.1.617.2-like)
T	PRJEB47121	SAMEA9781449	ERX6172657	ERR6546457	1	ILLUMINA	Estonia	none	2021-08-03	2021-08-22	2021-08-03	Date	PASS	.	.	T	F	.	COVID-ARTIC-V3	1024	.	AY.122	Delta (B.1.617.2-like)	.	.	.	29800	0	AY.122	Delta (B.1.617.2-like)
T	PRJEB47121	SAMEA9781435	ERX6172643	ERR6546458	1	ILLUMINA	Estonia	none	2021-08-02	2021-08-22	2021-08-02	Date	PASS	.	.	T	F	.	COVID-ARTIC-V3	295	.	AY.4.5	Delta (AY.4-like)	.	.	.	29808	1	AY.4.5	Delta (AY.4-like)
T	PRJEB47121	SAMEA9781436	ERX6172644	ERR6546459	1	ILLUMINA	Estonia	none	2021-08-02	2021-08-22	2021-08-02	Date	PASS	.	.	T	F	.	COVID-ARTIC-V3	294	.	AY.122	Delta (B.1.617.2-like)	.	.	.	29800	1	AY.122	Delta (B.1.617.2-like)
T	PRJEB47121	SAMEA9781437	ERX6172645	ERR6546460	1	ILLUMINA	Estonia	none	2021-08-02	2021-08-22	2021-08-02	Date	PASS	.	.	T	F	.	COVID-ARTIC-V3	282	.	AY.122	Delta (B.1.617.2-like)	.	.	.	29808	0	AY.122	Delta (B.1.617.2-like)
T	PRJEB47121	SAMEA9781438	ERX6172646	ERR6546461	1	ILLUMINA	Estonia	none	2021-08-02	2021-08-22	2021-08-02	Date	PASS	.	.	T	F	.	COVID-ARTIC-V3	295	.	AY.122	Delta (B.1.617.2-like)	.	.	.	29808	1	AY.122	Delta (B.1.617.2-like)
T	PRJEB47121	SAMEA9781439	ERX6172647	ERR6546462	1	ILLUMINA	Estonia	none	2021-08-02	2021-08-22	2021-08-02	Date	PASS	.	.	T	F	.	COVID-ARTIC-V3	324	.	AY.122	Delta (B.1.617.2-like)	.	.	.	29799	1	AY.122	Delta (B.1.617.2-like)
T	PRJEB47121	SAMEA9781440	ERX6172648	ERR6546463	1	ILLUMINA	Estonia	none	2021-08-02	2021-08-22	2021-08-02	Date	PASS	.	.	T	F	.	COVID-ARTIC-V3	1001	.	AY.100	Delta (B.1.617.2-like)	.	.	.	29791	1	AY.100	Delta (B.1.617.2-like)
T	PRJEB47121	SAMEA9781441	ERX6172649	ERR6546464	1	ILLUMINA	Estonia	none	2021-08-02	2021-08-22	2021-08-02	Date	PASS	.	.	T	F	.	COVID-ARTIC-V3	957	.	AY.122	Delta (B.1.617.2-like)	.	.	.	29791	2	AY.122	Delta (B.1.617.2-like)
T	PRJEB47121	SAMEA9781442	ERX6172650	ERR6546465	1	ILLUMINA	Estonia	none	2021-08-02	2021-08-22	2021-08-02	Date	PASS	.	.	T	F	.	COVID-ARTIC-V3	416	.	AY.100	Delta (B.1.617.2-like)	.	.	.	29800	0	AY.100	Delta (B.1.617.2-like)
T	PRJEB47121	SAMEA9781443	ERX6172651	ERR6546466	1	ILLUMINA	Estonia	none	2021-08-02	2021-08-22	2021-08-02	Date	PASS	.	.	T	F	.	COVID-ARTIC-V3	840	.	AY.122	Delta (B.1.617.2-like)	.	.	.	29796	0	AY.122	Delta (B.1.617.2-like)
T	PRJEB47121	SAMEA9781444	ERX6172652	ERR6546467	1	ILLUMINA	Estonia	none	2021-08-02	2021-08-22	2021-08-02	Date	PASS	.	.	T	F	.	COVID-ARTIC-V3	1159	.	AY.122	Delta (B.1.617.2-like)	.	.	.	29799	1	AY.122	Delta (B.1.617.2-like)
T	PRJNA704499	SAMN18043263	SRX10160723	SRR13775065	1	ILLUMINA	China	Hong Kong	2021-01-20	2021-03-05	2021-01-20	Date	PASS	.	.	T	F	.	COVID-ARTIC-V3	369	.	B.1.36	.	.	.	.	29806	1	B.1.36	.
T	PRJNA704499	SAMN18043262	SRX10160722	SRR13775066	1	ILLUMINA	China	Hong Kong	2021-01-19	2021-03-05	2021-01-19	Date	PASS	.	.	T	F	.	COVID-ARTIC-V3	527	.	B.1.36	.	.	.	.	29796	0	B.1.36	.
T	PRJNA704499	SAMN18043261	SRX10160721	SRR13775067	1	ILLUMINA	China	Hong Kong	2021-01-18	2021-03-05	2021-01-18	Date	PASS	.	.	T	F	.	COVID-ARTIC-V3	369	.	B.1.36	.	.	.	.	29805	0	B.1.36	.
T	PRJNA764553	SAMN21508526	SRX12257091	SRR15967573	1	ILLUMINA	Pakistan	Karachi	2021-06-27	2021-09-21	2021-06-27	Date	PASS	.	.	T	F	.	COVID-ARTIC-V3	1039	.	B.1.351	Beta (B.1.351-like)	.	.	.	29818	0	B.1.351	Beta (B.1.351-like)
T	PRJNA764553	SAMN21508525	SRX12257090	SRR15967574	1	ILLUMINA	Pakistan	Karachi	2021-06-26	2021-09-21	2021-06-26	Date	PASS	.	.	T	F	.	COVID-ARTIC-V3	2064	.	AY.108	Delta (B.1.617.2-like)	.	.	.	29823	0	AY.108	Delta (B.1.617.2-like)
T	PRJNA764553	SAMN21508532	SRX12257089	SRR15967575	1	ILLUMINA	Pakistan	Karachi	2021-07-03	2021-09-21	2021-07-03	Date	PASS	.	.	T	F	.	COVID-ARTIC-V3	2217	.	AY.108	Delta (B.1.617.2-like)	.	.	.	29823	1	AY.108	Delta (B.1.617.2-like)
T	PRJNA764553	SAMN21508531	SRX12257088	SRR15967576	1	ILLUMINA	Pakistan	Karachi	2021-07-02	2021-09-21	2021-07-02	Date	PASS	.	.	T	F	.	COVID-ARTIC-V3	1186	.	AY.55	Delta (B.1.617.2-like)	.	.	.	29533	1	B.1.617.2	Delta (B.1.617.2-like)
T	PRJNA764553	SAMN21508530	SRX12257087	SRR15967577	1	ILLUMINA	Pakistan	Karachi	2021-07-01	2021-09-21	2021-07-01	Date	PASS	.	.	T	F	.	COVID-ARTIC-V3	2469	.	AY.108	Delta (B.1.617.2-like)	.	.	.	29533	1	AY.108	Delta (B.1.617.2-like)
T	PRJNA764553	SAMN21508529	SRX12257086	SRR15967578	1	ILLUMINA	Pakistan	Karachi	2021-06-30	2021-09-21	2021-06-30	Date	PASS	.	.	T	F	.	COVID-ARTIC-V3	1471	.	AY.108	Delta (B.1.617.2-like)	.	.	.	29823	0	AY.108	Delta (B.1.617.2-like)
T	PRJNA764553	SAMN21508528	SRX12257085	SRR15967579	1	ILLUMINA	Pakistan	Karachi	2021-06-29	2021-09-21	2021-06-29	Date	PASS	.	.	T	F	.	COVID-ARTIC-V3	1157	.	AY.108	Delta (B.1.617.2-like)	.	.	.	29534	0	AY.108	Delta (B.1.617.2-like)
T	PRJNA764553	SAMN21508527	SRX12257084	SRR15967580	1	ILLUMINA	Pakistan	Karachi	2021-06-28	2021-09-21	2021-06-28	Date	PASS	.	.	T	F	.	COVID-ARTIC-V3	1052	.	AY.108	Delta (B.1.617.2-like)	.	.	.	29533	0	AY.108	Delta (B.1.617.2-like)
T	PRJNA764553	SAMN21530337	SRX12279458	SRR15990860	1	ILLUMINA	Pakistan	Karachi	2021-08-20	2021-09-22	2021-08-20	Date	PASS	.	.	T	F	.	COVID-ARTIC-V3	407	.	AY.108	Delta (B.1.617.2-like)	.	.	.	29823	0	AY.108	Delta (B.1.617.2-like)
T	PRJNA764553	SAMN21530336	SRX12279457	SRR15990861	1	ILLUMINA	Pakistan	Karachi	2021-08-19	2021-09-22	2021-08-19	Date	PASS	.	.	T	F	.	COVID-ARTIC-V3	1243	.	AY.108	Delta (B.1.617.2-like)	.	.	.	29823	0	AY.108	Delta (B.1.617.2-like)
T	PRJNA764553	SAMN21530335	SRX12279456	SRR15990862	1	ILLUMINA	Pakistan	Karachi	2021-08-16	2021-09-22	2021-08-16	Date	PASS	.	.	T	F	.	COVID-ARTIC-V3	3491	.	AY.108	Delta (B.1.617.2-like)	.	.	.	29823	3	AY.108	Delta (B.1.617.2-like)
T	PRJNA764553	SAMN21530334	SRX12279455	SRR15990863	1	ILLUMINA	Pakistan	Karachi	2021-07-19	2021-09-22	2021-07-19	Date	PASS	.	.	T	F	.	COVID-ARTIC-V3	1315	.	AY.55	Delta (B.1.617.2-like)	.	.	.	29823	0	B.1.617.2	Delta (B.1.617.2-like)
T	PRJNA764553	SAMN21530333	SRX12279454	SRR15990864	1	ILLUMINA	Pakistan	Karachi	2021-07-19	2021-09-22	2021-07-19	Date	PASS	.	.	T	F	.	COVID-ARTIC-V3	1812	.	AY.108	Delta (B.1.617.2-like)	.	.	.	29823	2	AY.108	Delta (B.1.617.2-like)
T	PRJNA764553	SAMN21530332	SRX12279453	SRR15990865	1	ILLUMINA	Pakistan	Karachi	2021-07-18	2021-09-22	2021-07-18	Date	PASS	.	.	T	F	.	COVID-ARTIC-V3	2938	.	AY.127	Delta (B.1.617.2-like)	.	.	.	29211	2	AY.127	Delta (B.1.617.2-like)
T	PRJNA764553	SAMN21530330	SRX12279451	SRR15990867	1	ILLUMINA	Pakistan	Karachi	2021-07-11	2021-09-22	2021-07-11	Date	PASS	.	.	T	F	.	COVID-ARTIC-V3	242	.	AY.108	Delta (B.1.617.2-like)	.	.	.	29823	0	AY.108	Delta (B.1.617.2-like)
T	PRJNA764553	SAMN21530338	SRX12279450	SRR15990868	1	ILLUMINA	Pakistan	Karachi	2021-08-20	2021-09-22	2021-08-20	Date	PASS	.	.	T	F	.	COVID-ARTIC-V3	0	.	AY.127	Delta (B.1.617.2-like)	.	.	.	29823	0	AY.127	Delta (B.1.617.2-like)
T	PRJNA764553	SAMN21530329	SRX12279449	SRR15990869	1	ILLUMINA	Pakistan	Karachi	2021-08-11	2021-09-22	2021-08-11	Date	PASS	.	.	T	F	.	COVID-ARTIC-V3	1441	.	AY.108	Delta (B.1.617.2-like)	.	.	.	29823	2	AY.108	Delta (B.1.617.2-like)
T	PRJNA764553	SAMN21530328	SRX12279448	SRR15990870	1	ILLUMINA	Pakistan	Karachi	2021-07-26	2021-09-22	2021-07-26	Date	PASS	.	.	F	F	.	COVID-ARTIC-V3	6332	.	B.1.617.2	Delta (B.1.617.2-like)	.	.	.	29829	0	B.1.617.2	Delta (B.1.617.2-like)
T	PRJNA764553	SAMN24108864	SRX13424248	SRR17245197	1	ILLUMINA	Pakistan	Karachi	2021-09-05	2021-12-17	2021-09-05	Date	PASS	.	.	F	F	.	COVID-ARTIC-V3	6715	.	AY.108	Delta (B.1.617.2-like)	.	.	.	29814	0	AY.108	Delta (B.1.617.2-like)
T	PRJNA764553	SAMN24108863	SRX13424247	SRR17245198	1	ILLUMINA	Pakistan	Karachi	2021-09-05	2021-12-17	2021-09-05	Date	PASS	.	.	F	F	.	COVID-ARTIC-V3	5154	.	AY.127	Delta (B.1.617.2-like)	.	.	.	29821	1	AY.127	Delta (B.1.617.2-like)
T	PRJNA764553	SAMN24108862	SRX13424246	SRR17245199	1	ILLUMINA	Pakistan	Karachi	2021-09-06	2021-12-17	2021-09-06	Date	PASS	.	.	T	F	.	COVID-ARTIC-V3	2345	.	AY.108	Delta (B.1.617.2-like)	.	.	.	29513	0	AY.108	Delta (B.1.617.2-like)
T	PRJNA764553	SAMN24108861	SRX13424245	SRR17245200	1	ILLUMINA	Pakistan	Karachi	2021-09-05	2021-12-17	2021-09-05	Date	PASS	.	.	T	F	.	COVID-ARTIC-V3	453	.	B.1.617.2	Delta (B.1.617.2-like)	.	.	.	29823	0	B.1.617.2	Delta (B.1.617.2-like)
T	PRJNA764553	SAMN24108860	SRX13424244	SRR17245201	1	ILLUMINA	Pakistan	Karachi	2021-08-29	2021-12-17	2021-08-29	Date	PASS	.	.	F	F	.	COVID-ARTIC-V3	6311	.	AY.127	Delta (B.1.617.2-like)	.	.	.	29822	7	AY.127	Delta (B.1.617.2-like)
T	PRJNA764553	SAMN24108859	SRX13424243	SRR17245202	1	ILLUMINA	Pakistan	Karachi	2021-08-30	2021-12-17	2021-08-30	Date	PASS	.	.	F	F	.	COVID-ARTIC-V3	9271	.	B.1.617.2	Delta (B.1.617.2-like)	.	.	.	29820	2	B.1.617.2	Delta (B.1.617.2-like)
T	PRJNA764553	SAMN24108858	SRX13424242	SRR17245203	1	ILLUMINA	Pakistan	Karachi	2021-08-29	2021-12-17	2021-08-29	Date	PASS	.	.	F	F	.	COVID-ARTIC-V3	5454	.	AY.108	Delta (B.1.617.2-like)	.	.	.	29823	1	AY.108	Delta (B.1.617.2-like)
T	PRJNA764553	SAMN24108857	SRX13424240	SRR17245205	1	ILLUMINA	Pakistan	Karachi	2021-08-22	2021-12-17	2021-08-22	Date	PASS	.	.	F	F	.	COVID-ARTIC-V3	6320	.	B.1.617.2	Delta (B.1.617.2-like)	.	.	.	29823	0	B.1.617.2	Delta (B.1.617.2-like)
T	PRJNA764553	SAMN24108874	SRX13424239	SRR17245206	1	ILLUMINA	Pakistan	Karachi	2021-09-20	2021-12-17	2021-09-20	Date	PASS	.	.	T	F	.	COVID-ARTIC-V3	3837	.	AY.126	Delta (B.1.617.2-like)	.	.	.	29823	1	AY.126	Delta (B.1.617.2-like)
T	PRJNA764553	SAMN24108873	SRX13424238	SRR17245207	1	ILLUMINA	Pakistan	Karachi	2021-09-21	2021-12-17	2021-09-21	Date	PASS	.	.	T	F	.	COVID-ARTIC-V3	3064	.	AY.55	Delta (B.1.617.2-like)	.	.	.	29823	1	B.1.617.2	Delta (B.1.617.2-like)
T	PRJNA764553	SAMN24108872	SRX13424237	SRR17245208	1	ILLUMINA	Pakistan	Karachi	2021-09-21	2021-12-17	2021-09-21	Date	PASS	.	.	T	F	.	COVID-ARTIC-V3	3419	.	AY.65	Delta (B.1.617.2-like)	.	.	.	29539	2	AY.65	Delta (B.1.617.2-like)
T	PRJNA764553	SAMN24108871	SRX13424236	SRR17245209	1	ILLUMINA	Pakistan	Karachi	2021-09-23	2021-12-17	2021-09-23	Date	PASS	.	.	T	F	.	COVID-ARTIC-V3	4574	.	B.1.617.2	Delta (B.1.617.2-like)	.	.	.	29823	1	B.1.617.2	Delta (B.1.617.2-like)
T	PRJNA764553	SAMN24108870	SRX13424235	SRR17245210	1	ILLUMINA	Pakistan	Karachi	2021-09-23	2021-12-17	2021-09-23	Date	PASS	.	.	F	F	.	COVID-ARTIC-V3	12239	.	Unassigned	.	.	.	.	29211	1	Unassigned	.
T	PRJNA764553	SAMN24108868	SRX13424233	SRR17245212	1	ILLUMINA	Pakistan	Karachi	2021-09-22	2021-12-17	2021-09-22	Date	PASS	.	.	T	F	.	COVID-ARTIC-V3	3523	.	B.1.617.2	Delta (B.1.617.2-like)	.	.	.	29823	1	B.1.617.2	Delta (B.1.617.2-like)
T	PRJNA764553	SAMN24108867	SRX13424232	SRR17245213	1	ILLUMINA	Pakistan	Karachi	2021-09-22	2021-12-17	2021-09-22	Date	PASS	.	.	T	F	.	COVID-ARTIC-V3	3607	.	AY.55	Delta (B.1.617.2-like)	.	.	.	29823	2	B.1.617.2	Delta (B.1.617.2-like)
T	PRJNA764553	SAMN24108866	SRX13424231	SRR17245214	1	ILLUMINA	Pakistan	Karachi	2021-09-13	2021-12-17	2021-09-13	Date	PASS	.	.	T	F	.	COVID-ARTIC-V3	2781	.	B.1.617.2	Delta (B.1.617.2-like)	.	.	.	29823	1	B.1.617.2	Delta (B.1.617.2-like)
T	PRJNA764553	SAMN24108856	SRX13424229	SRR17245216	1	ILLUMINA	Pakistan	Karachi	2021-08-22	2021-12-17	2021-08-22	Date	PASS	.	.	T	F	.	COVID-ARTIC-V3	4965	.	B.1.617.2	Delta (B.1.617.2-like)	.	.	.	29823	1	B.1.617.2	Delta (B.1.617.2-like)
T	PRJNA764553	SAMN24108855	SRX13424228	SRR17245217	1	ILLUMINA	Pakistan	Karachi	2021-08-22	2021-12-17	2021-08-22	Date	PASS	.	.	T	F	.	COVID-ARTIC-V3	1151	.	AY.108	Delta (B.1.617.2-like)	.	.	.	29491	1	AY.108	Delta (B.1.617.2-like)
T	PRJNA764553	SAMN24625205	SRX13610994	SRR17439714	1	ILLUMINA	Pakistan	Karachi	2021-10-16	2022-01-06	2021-10-16	Date	PASS	.	.	T	F	.	COVID-ARTIC-V3	4122	.	AY.127	Delta (B.1.617.2-like)	.	.	.	29211	1	AY.127	Delta (B.1.617.2-like)
T	PRJNA764553	SAMN24625204	SRX13610993	SRR17439715	1	ILLUMINA	Pakistan	Karachi	2021-10-13	2022-01-06	2021-10-13	Date	PASS	.	.	F	F	.	COVID-ARTIC-V3	8057	.	AY.108	Delta (B.1.617.2-like)	.	.	.	29829	3	AY.108	Delta (B.1.617.2-like)
T	PRJNA764553	SAMN24625203	SRX13610992	SRR17439716	1	ILLUMINA	Pakistan	Karachi	2021-10-10	2022-01-06	2021-10-10	Date	PASS	.	.	T	F	.	COVID-ARTIC-V3	1697	.	AY.108	Delta (B.1.617.2-like)	.	.	.	29533	0	AY.108	Delta (B.1.617.2-like)
T	PRJNA764553	SAMN24625202	SRX13610991	SRR17439717	1	ILLUMINA	Pakistan	Karachi	2021-10-05	2022-01-06	2021-10-05	Date	PASS	.	.	T	F	.	COVID-ARTIC-V3	1671	.	AY.127	Delta (B.1.617.2-like)	.	.	.	29533	1	AY.127	Delta (B.1.617.2-like)
T	PRJNA764553	SAMN24625200	SRX13610989	SRR17439719	1	ILLUMINA	Pakistan	Karachi	2021-10-01	2022-01-06	2021-10-01	Date	PASS	.	.	T	F	.	COVID-ARTIC-V3	1957	.	AY.108	Delta (B.1.617.2-like)	.	.	.	29533	0	AY.108	Delta (B.1.617.2-like)
T	PRJNA764553	SAMN24625199	SRX13610988	SRR17439720	1	ILLUMINA	Pakistan	Karachi	2021-09-29	2022-01-06	2021-09-29	Date	PASS	.	.	F	F	.	COVID-ARTIC-V3	12442	.	B.1.617.2	Delta (B.1.617.2-like)	.	.	.	29206	3	B.1.617.2	Delta (B.1.617.2-like)
T	PRJNA764553	SAMN24625198	SRX13610987	SRR17439721	1	ILLUMINA	Pakistan	Karachi	2021-09-30	2022-01-06	2021-09-30	Date	PASS	.	.	T	F	.	COVID-ARTIC-V3	1083	.	AY.108	Delta (B.1.617.2-like)	.	.	.	29823	1	AY.108	Delta (B.1.617.2-like)
T	PRJNA764553	SAMN24625215	SRX13610986	SRR17439722	1	ILLUMINA	Pakistan	Karachi	2021-12-08	2022-01-06	2021-12-08	Date	PASS	.	.	T	F	.	COVID-ARTIC-V3	582	.	BA.1	Omicron (BA.1-like)	.	.	.	29800	1	BA.1	Omicron (BA.1-like)
T	PRJNA764553	SAMN24625212	SRX13610983	SRR17439725	1	ILLUMINA	Pakistan	Karachi	2021-11-04	2022-01-06	2021-11-04	Date	PASS	.	.	T	F	.	COVID-ARTIC-V3	3124	.	B.1.617.2	Delta (B.1.617.2-like)	.	.	.	29823	1	B.1.617.2	Delta (B.1.617.2-like)
T	PRJNA764553	SAMN24625211	SRX13610982	SRR17439726	1	ILLUMINA	Pakistan	Karachi	2021-11-04	2022-01-06	2021-11-04	Date	PASS	.	.	T	F	.	COVID-ARTIC-V3	2578	.	AY.127	Delta (B.1.617.2-like)	.	.	.	29823	0	AY.127	Delta (B.1.617.2-like)
T	PRJNA764553	SAMN24625210	SRX13610981	SRR17439727	1	ILLUMINA	Pakistan	Karachi	2021-10-29	2022-01-06	2021-10-29	Date	PASS	.	.	T	F	.	COVID-ARTIC-V3	3079	.	AY.127	Delta (B.1.617.2-like)	.	.	.	29817	1	AY.127	Delta (B.1.617.2-like)
T	PRJNA764553	SAMN24625209	SRX13610980	SRR17439728	1	ILLUMINA	Pakistan	Karachi	2021-10-28	2022-01-06	2021-10-28	Date	PASS	.	.	T	F	.	COVID-ARTIC-V3	4226	.	B.1.617.2	Delta (B.1.617.2-like)	.	.	.	29785	1	B.1.617.2	Delta (B.1.617.2-like)
T	PRJNA764553	SAMN24625208	SRX13610979	SRR17439729	1	ILLUMINA	Pakistan	Karachi	2021-10-27	2022-01-06	2021-10-27	Date	PASS	.	.	T	F	.	COVID-ARTIC-V3	2841	.	AY.127	Delta (B.1.617.2-like)	.	.	.	29205	2	AY.127	Delta (B.1.617.2-like)
T	PRJNA764553	SAMN24625207	SRX13610978	SRR17439730	1	ILLUMINA	Pakistan	Karachi	2021-10-23	2022-01-06	2021-10-23	Date	PASS	.	.	T	F	.	COVID-ARTIC-V3	1767	.	AY.127	Delta (B.1.617.2-like)	.	.	.	29525	0	AY.127	Delta (B.1.617.2-like)
T	PRJNA764553	SAMN24625206	SRX13610977	SRR17439731	1	ILLUMINA	Pakistan	Karachi	2021-10-23	2022-01-06	2021-10-23	Date	PASS	.	.	F	F	.	COVID-ARTIC-V3	7085	.	AY.108	Delta (B.1.617.2-like)	.	.	.	29212	0	AY.108	Delta (B.1.617.2-like)
T	PRJNA764553	SAMN24625197	SRX13610976	SRR17439732	1	ILLUMINA	Pakistan	Karachi	2021-09-26	2022-01-06	2021-09-26	Date	PASS	.	.	F	F	.	COVID-ARTIC-V3	6382	.	B.1.617.2	Delta (B.1.617.2-like)	.	.	.	29823	0	AY.46.2	Delta (B.1.617.2-like)
T	PRJNA764553	SAMN24625196	SRX13610975	SRR17439733	1	ILLUMINA	Pakistan	Karachi	2021-09-24	2022-01-06	2021-09-24	Date	PASS	.	.	T	F	.	COVID-ARTIC-V3	274	.	B.1.617.2	Delta (B.1.617.2-like)	.	.	.	29823	3	B.1.617.2	Delta (B.1.617.2-like)
T	PRJNA764553	SAMN24664095	SRX13630766	SRR17459571	1	ILLUMINA	Pakistan	Karachi	2021-12-17	2022-01-07	2021-12-17	Date	PASS	.	.	T	F	.	COVID-ARTIC-V3	1768	.	BA.1.15.1	Probable Omicron (BA.1-like)	.	.	.	29800	0	BA.1.15.1	Probable Omicron (BA.1-like)
T	PRJNA764553	SAMN24664094	SRX13630765	SRR17459572	1	ILLUMINA	Pakistan	Karachi	2021-12-20	2022-01-07	2021-12-20	Date	PASS	.	.	T	F	.	COVID-ARTIC-V3	1643	.	AY.108	Delta (B.1.617.2-like)	.	.	.	29823	1	AY.108	Delta (B.1.617.2-like)
T	PRJNA764553	SAMN24664093	SRX13630764	SRR17459573	1	ILLUMINA	Pakistan	Karachi	2021-12-20	2022-01-07	2021-12-20	Date	PASS	.	.	T	F	.	COVID-ARTIC-V3	450	.	AY.127	Delta (B.1.617.2-like)	.	.	.	29818	2	AY.127	Delta (B.1.617.2-like)
T	PRJNA764553	SAMN28462146	SRX15299809	SRR19238958	1	ILLUMINA	Pakistan	Karachi	2022-02-14	2022-05-19	2022-02-14	Date	PASS	.	.	T	F	.	COVID-ARTIC-V4.1	175	.	BA.2	Omicron (BA.2-like)	.	.	.	29776	1	BA.2	Omicron (BA.2-like)
T	PRJNA764553	SAMN28462145	SRX15299808	SRR19238959	1	ILLUMINA	Pakistan	Karachi	2022-02-14	2022-05-19	2022-02-14	Date	PASS	.	.	T	F	.	COVID-ARTIC-V4.1	170	.	BA.2	Omicron (BA.2-like)	.	.	.	29776	1	BA.2	Omicron (BA.2-like)
T	PRJNA764553	SAMN28462144	SRX15299807	SRR19238960	1	ILLUMINA	Pakistan	Karachi	2022-02-14	2022-05-19	2022-02-14	Date	PASS	.	.	T	F	.	COVID-ARTIC-V4.1	312	.	BA.2	Omicron (BA.2-like)	.	.	.	29776	1	BA.2	Omicron (BA.2-like)
T	PRJNA764553	SAMN28462143	SRX15299806	SRR19238961	1	ILLUMINA	Pakistan	Karachi	2022-02-14	2022-05-19	2022-02-14	Date	PASS	.	.	T	F	.	COVID-ARTIC-V4.1	292	.	BA.2	Omicron (BA.2-like)	.	.	.	29776	0	BA.2	Omicron (BA.2-like)
T	PRJNA764553	SAMN28462142	SRX15299805	SRR19238962	1	ILLUMINA	Pakistan	Karachi	2022-02-14	2022-05-19	2022-02-14	Date	PASS	.	.	T	F	.	COVID-ARTIC-V4.1	306	.	BA.2	Omicron (BA.2-like)	.	.	.	29776	0	BA.2	Omicron (BA.2-like)
T	PRJNA764553	SAMN28462141	SRX15299804	SRR19238963	1	ILLUMINA	Pakistan	Karachi	2022-02-13	2022-05-19	2022-02-13	Date	PASS	.	.	T	F	.	COVID-ARTIC-V4.1	274	.	BA.2	Omicron (BA.2-like)	.	.	.	29776	0	BA.2	Omicron (BA.2-like)
T	PRJNA764553	SAMN28462140	SRX15299803	SRR19238964	1	ILLUMINA	Pakistan	Karachi	2022-02-12	2022-05-19	2022-02-12	Date	PASS	.	.	T	F	.	COVID-ARTIC-V4.1	906	.	BA.2	Omicron (BA.2-like)	.	.	.	29776	1	BA.2	Omicron (BA.2-like)
T	PRJNA764553	SAMN28462139	SRX15299802	SRR19238965	1	ILLUMINA	Pakistan	Karachi	2022-02-12	2022-05-19	2022-02-12	Date	PASS	.	.	T	F	.	COVID-ARTIC-V4.1	1795	.	BA.2	Omicron (BA.2-like)	.	.	.	29776	0	BA.2	Omicron (BA.2-like)
T	PRJNA764553	SAMN28462138	SRX15299801	SRR19238966	1	ILLUMINA	Pakistan	Karachi	2022-02-12	2022-05-19	2022-02-12	Date	PASS	.	.	T	F	.	COVID-ARTIC-V4.1	2199	.	BA.1.1	Omicron (BA.1-like)	.	.	.	29800	1	BA.1.1	Omicron (BA.1-like)
T	PRJNA764553	SAMN28462084	SRX15299800	SRR19238967	1	ILLUMINA	Pakistan	Karachi	2022-01-17	2022-05-19	2022-01-17	Date	PASS	.	.	F	F	.	COVID-ARTIC-V3	9518	.	Unassigned	Probable Omicron (Unassigned)	.	.	.	29510	0	Unassigned	Probable Omicron (Unassigned)
T	PRJNA764553	SAMN28462137	SRX15299799	SRR19238968	1	ILLUMINA	Pakistan	Karachi	2022-02-12	2022-05-19	2022-02-12	Date	PASS	.	.	T	F	.	COVID-ARTIC-V4.1	210	.	BA.2	Omicron (BA.2-like)	.	.	.	29776	0	BA.2	Omicron (BA.2-like)
T	PRJNA764553	SAMN28462136	SRX15299798	SRR19238969	1	ILLUMINA	Pakistan	Karachi	2022-02-11	2022-05-19	2022-02-11	Date	PASS	.	.	T	F	.	COVID-ARTIC-V4.1	332	.	BA.1.1	Omicron (BA.1-like)	.	.	.	29799	1	BA.1.1	Omicron (BA.1-like)
T	PRJNA764553	SAMN28462135	SRX15299797	SRR19238970	1	ILLUMINA	Pakistan	Karachi	2022-02-11	2022-05-19	2022-02-11	Date	PASS	.	.	T	F	.	COVID-ARTIC-V4.1	139	.	BA.1	Omicron (BA.1-like)	.	.	.	29799	1	BA.1	Omicron (BA.1-like)
T	PRJNA764553	SAMN28462134	SRX15299796	SRR19238971	1	ILLUMINA	Pakistan	Karachi	2022-02-11	2022-05-19	2022-02-11	Date	PASS	.	.	T	F	.	COVID-ARTIC-V4.1	212	.	BA.2	Omicron (BA.2-like)	.	.	.	29776	0	BA.2	Omicron (BA.2-like)
T	PRJNA764553	SAMN28462133	SRX15299795	SRR19238972	1	ILLUMINA	Pakistan	Karachi	2022-02-11	2022-05-19	2022-02-11	Date	PASS	.	.	T	F	.	COVID-ARTIC-V4.1	127	.	BA.2	Omicron (BA.2-like)	.	.	.	29776	0	BA.2	Omicron (BA.2-like)
T	PRJNA764553	SAMN28462132	SRX15299794	SRR19238973	1	ILLUMINA	Pakistan	Karachi	2022-02-11	2022-05-19	2022-02-11	Date	PASS	.	.	T	F	.	COVID-ARTIC-V4.1	941	.	BA.2	Omicron (BA.2-like)	.	.	.	29776	1	BA.2	Omicron (BA.2-like)
T	PRJNA764553	SAMN28462131	SRX15299793	SRR19238974	1	ILLUMINA	Pakistan	Karachi	2022-02-11	2022-05-19	2022-02-11	Date	PASS	.	.	T	F	.	COVID-ARTIC-V4.1	317	.	BA.1.1	Omicron (BA.1-like)	.	.	.	29799	0	BA.1.1	Omicron (BA.1-like)
T	PRJNA764553	SAMN28462130	SRX15299792	SRR19238975	1	ILLUMINA	Pakistan	Karachi	2022-02-11	2022-05-19	2022-02-11	Date	PASS	.	.	T	F	.	COVID-ARTIC-V4.1	1620	.	BA.2	Omicron (BA.2-like)	.	.	.	29776	1	BA.2	Omicron (BA.2-like)
T	PRJNA764553	SAMN28462129	SRX15299791	SRR19238976	1	ILLUMINA	Pakistan	Karachi	2022-02-11	2022-05-19	2022-02-11	Date	PASS	.	.	T	F	.	COVID-ARTIC-V4.1	724	.	BA.1.1	Omicron (BA.1-like)	.	.	.	29799	0	BA.1.1	Omicron (BA.1-like)
T	PRJNA764553	SAMN28462128	SRX15299790	SRR19238977	1	ILLUMINA	Pakistan	Karachi	2022-02-11	2022-05-19	2022-02-11	Date	PASS	.	.	T	F	.	COVID-ARTIC-V4.1	105	.	BA.2	Omicron (BA.2-like)	.	.	.	29776	3	BA.2	Omicron (BA.2-like)
T	PRJNA764553	SAMN28462083	SRX15299789	SRR19238978	1	ILLUMINA	Pakistan	Karachi	2022-01-17	2022-05-19	2022-01-17	Date	PASS	.	.	T	F	.	COVID-ARTIC-V3	1162	.	BA.1.1	Omicron (BA.1-like)	.	.	.	29797	0	BA.1.1	Omicron (BA.1-like)
T	PRJNA764553	SAMN28462127	SRX15299788	SRR19238979	1	ILLUMINA	Pakistan	Karachi	2022-02-11	2022-05-19	2022-02-11	Date	PASS	.	.	T	F	.	COVID-ARTIC-V4.1	173	.	BA.2	Omicron (BA.2-like)	.	.	.	29776	0	BA.2	Omicron (BA.2-like)
T	PRJNA764553	SAMN28462126	SRX15299787	SRR19238980	1	ILLUMINA	Pakistan	Karachi	2022-02-10	2022-05-19	2022-02-10	Date	PASS	.	.	T	F	.	COVID-ARTIC-V4.1	641	.	BA.1.1	Omicron (BA.1-like)	.	.	.	29799	0	BA.1.1	Omicron (BA.1-like)
T	PRJNA764553	SAMN28462125	SRX15299786	SRR19238981	1	ILLUMINA	Pakistan	Karachi	2022-02-09	2022-05-19	2022-02-09	Date	PASS	.	.	T	F	.	COVID-ARTIC-V4.1	625	.	BA.1.1	Omicron (BA.1-like)	.	.	.	29799	0	BA.1.1	Omicron (BA.1-like)
T	PRJNA764553	SAMN28462124	SRX15299785	SRR19238982	1	ILLUMINA	Pakistan	Karachi	2022-02-09	2022-05-19	2022-02-09	Date	PASS	.	.	T	F	.	COVID-ARTIC-V4.1	894	.	BA.1.1	Omicron (BA.1-like)	.	.	.	29799	3	BA.1.1	Omicron (BA.1-like)
T	PRJNA764553	SAMN28462123	SRX15299784	SRR19238983	1	ILLUMINA	Pakistan	Karachi	2022-02-10	2022-05-19	2022-02-10	Date	PASS	.	.	T	F	.	COVID-ARTIC-V4.1	334	.	BA.1.1	Omicron (BA.1-like)	.	.	.	29799	0	BA.1.1	Omicron (BA.1-like)
T	PRJNA764553	SAMN28462122	SRX15299783	SRR19238984	1	ILLUMINA	Pakistan	Karachi	2022-02-10	2022-05-19	2022-02-10	Date	PASS	.	.	T	F	.	COVID-ARTIC-V4.1	873	.	BA.1.1	Omicron (BA.1-like)	.	.	.	29799	2	BA.1.1	Omicron (BA.1-like)
T	PRJNA764553	SAMN28462121	SRX15299782	SRR19238985	1	ILLUMINA	Pakistan	Karachi	2022-02-09	2022-05-19	2022-02-09	Date	PASS	.	.	T	F	.	COVID-ARTIC-V4.1	660	.	BA.1	Omicron (BA.1-like)	.	.	.	29799	0	BA.1	Omicron (BA.1-like)
T	PRJNA764553	SAMN28462120	SRX15299781	SRR19238986	1	ILLUMINA	Pakistan	Karachi	2022-02-09	2022-05-19	2022-02-09	Date	PASS	.	.	T	F	.	COVID-ARTIC-V4.1	371	.	BA.2	Omicron (BA.2-like)	.	.	.	29767	0	BA.2	Omicron (BA.2-like)
T	PRJNA764553	SAMN28462119	SRX15299780	SRR19238987	1	ILLUMINA	Pakistan	Karachi	2022-02-09	2022-05-19	2022-02-09	Date	PASS	.	.	T	F	.	COVID-ARTIC-V4.1	332	.	BA.2	Omicron (BA.2-like)	.	.	.	29776	1	BA.2	Omicron (BA.2-like)
T	PRJNA764553	SAMN28462118	SRX15299779	SRR19238988	1	ILLUMINA	Pakistan	Karachi	2022-02-08	2022-05-19	2022-02-08	Date	PASS	.	.	T	F	.	COVID-ARTIC-V4.1	1499	.	BA.1	Omicron (BA.1-like)	.	.	.	29799	0	BA.1	Omicron (BA.1-like)
T	PRJNA764553	SAMN28462082	SRX15299778	SRR19238989	1	ILLUMINA	Pakistan	Karachi	2022-01-17	2022-05-19	2022-01-17	Date	PASS	.	.	T	F	.	COVID-ARTIC-V3	2128	.	BA.1.1	Omicron (BA.1-like)	.	.	.	29510	0	BA.1.1	Omicron (BA.1-like)
T	PRJNA764553	SAMN28462117	SRX15299777	SRR19238990	1	ILLUMINA	Pakistan	Karachi	2022-02-07	2022-05-19	2022-02-07	Date	PASS	.	.	T	F	.	COVID-ARTIC-V4.1	1655	.	BA.2	Omicron (BA.2-like)	.	.	.	29776	0	BA.2	Omicron (BA.2-like)
T	PRJNA764553	SAMN28462116	SRX15299776	SRR19238991	1	ILLUMINA	Pakistan	Karachi	2022-02-08	2022-05-19	2022-02-08	Date	PASS	.	.	T	F	.	COVID-ARTIC-V4.1	1687	.	BA.1	Omicron (BA.1-like)	.	.	.	29799	2	BA.1	Omicron (BA.1-like)
T	PRJNA764553	SAMN28462115	SRX15299775	SRR19238992	1	ILLUMINA	Pakistan	Karachi	2022-02-07	2022-05-19	2022-02-07	Date	PASS	.	.	T	F	.	COVID-ARTIC-V4.1	317	.	BA.1.1	Omicron (BA.1-like)	.	.	.	29799	0	BA.1.1	Omicron (BA.1-like)
T	PRJNA764553	SAMN28462114	SRX15299774	SRR19238993	1	ILLUMINA	Pakistan	Karachi	2022-02-07	2022-05-19	2022-02-07	Date	PASS	.	.	T	F	.	COVID-ARTIC-V4.1	571	.	BA.2	Omicron (BA.2-like)	.	.	.	29776	1	BA.2	Omicron (BA.2-like)
T	PRJNA764553	SAMN28462113	SRX15299773	SRR19238994	1	ILLUMINA	Pakistan	Karachi	2022-02-07	2022-05-19	2022-02-07	Date	PASS	.	.	T	F	.	COVID-ARTIC-V4.1	374	.	BA.1.18	Omicron (BA.1-like)	.	.	.	29799	0	BA.1.18	Omicron (BA.1-like)
T	PRJNA764553	SAMN28462112	SRX15299772	SRR19238995	1	ILLUMINA	Pakistan	Karachi	2022-02-06	2022-05-19	2022-02-06	Date	PASS	.	.	T	F	.	COVID-ARTIC-V4.1	312	.	BA.1.1	Omicron (BA.1-like)	.	.	.	29799	0	BA.1.1	Omicron (BA.1-like)
T	PRJNA764553	SAMN28462111	SRX15299771	SRR19238996	1	ILLUMINA	Pakistan	Karachi	2022-02-06	2022-05-19	2022-02-06	Date	PASS	.	.	T	F	.	COVID-ARTIC-V4.1	1043	.	BA.1.1	Omicron (BA.1-like)	.	.	.	29799	1	BA.1.1	Omicron (BA.1-like)
T	PRJNA764553	SAMN28462110	SRX15299770	SRR19238997	1	ILLUMINA	Pakistan	Karachi	2022-02-06	2022-05-19	2022-02-06	Date	PASS	.	.	T	F	.	COVID-ARTIC-V4.1	335	.	BA.1.1	Omicron (BA.1-like)	.	.	.	29799	1	BA.1.1	Omicron (BA.1-like)
T	PRJNA764553	SAMN28462109	SRX15299769	SRR19238998	1	ILLUMINA	Pakistan	Karachi	2022-02-06	2022-05-19	2022-02-06	Date	PASS	.	.	T	F	.	COVID-ARTIC-V4.1	343	.	BA.1.1	Omicron (BA.1-like)	.	.	.	29799	0	BA.1.1	Omicron (BA.1-like)
T	PRJNA764553	SAMN28462108	SRX15299768	SRR19238999	1	ILLUMINA	Pakistan	Karachi	2022-02-06	2022-05-19	2022-02-06	Date	PASS	.	.	T	F	.	COVID-ARTIC-V4.1	335	.	BA.1.1	Omicron (BA.1-like)	.	.	.	29799	0	BA.1.1	Omicron (BA.1-like)
T	PRJNA764553	SAMN28462081	SRX15299767	SRR19239000	1	ILLUMINA	Pakistan	Karachi	2022-01-17	2022-05-19	2022-01-17	Date	PASS	.	.	T	F	.	COVID-ARTIC-V3	1468	.	BA.1.1.18	Probable Omicron (BA.1-like)	.	.	.	29788	0	BA.1.1.18	Probable Omicron (BA.1-like)
T	PRJNA764553	SAMN28462107	SRX15299766	SRR19239001	1	ILLUMINA	Pakistan	Karachi	2022-02-06	2022-05-19	2022-02-06	Date	PASS	.	.	T	F	.	COVID-ARTIC-V4.1	316	.	BA.1.1	Omicron (BA.1-like)	.	.	.	29799	0	BA.1.1	Omicron (BA.1-like)
T	PRJNA764553	SAMN28462106	SRX15299765	SRR19239002	1	ILLUMINA	Pakistan	Karachi	2022-02-06	2022-05-19	2022-02-06	Date	PASS	.	.	T	F	.	COVID-ARTIC-V4.1	819	.	BA.2	Omicron (BA.2-like)	.	.	.	29776	2	BA.2	Omicron (BA.2-like)
T	PRJNA764553	SAMN28462105	SRX15299764	SRR19239003	1	ILLUMINA	Pakistan	Karachi	2022-02-04	2022-05-19	2022-02-04	Date	PASS	.	.	T	F	.	COVID-ARTIC-V4.1	316	.	BA.2	Omicron (BA.2-like)	.	.	.	29776	1	BA.2	Omicron (BA.2-like)
T	PRJNA764553	SAMN28462104	SRX15299763	SRR19239004	1	ILLUMINA	Pakistan	Karachi	2022-02-04	2022-05-19	2022-02-04	Date	PASS	.	.	T	F	.	COVID-ARTIC-V4.1	320	.	BA.1	Omicron (BA.1-like)	.	.	.	29799	0	BA.1	Omicron (BA.1-like)
T	PRJNA764553	SAMN28462103	SRX15299762	SRR19239005	1	ILLUMINA	Pakistan	Karachi	2022-02-03	2022-05-19	2022-02-03	Date	PASS	.	.	T	F	.	COVID-ARTIC-V3	1611	.	BA.1	Omicron (BA.1-like)	.	.	.	29516	0	BA.1	Omicron (BA.1-like)
T	PRJNA764553	SAMN28462087	SRX15299761	SRR19239006	1	ILLUMINA	Pakistan	Karachi	2022-01-20	2022-05-19	2022-01-20	Date	PASS	.	.	T	F	.	COVID-ARTIC-V3	1789	.	BA.1.1	Omicron (BA.1-like)	.	.	.	29484	0	BA.1.1	Omicron (BA.1-like)
T	PRJNA764553	SAMN28462086	SRX15299760	SRR19239007	1	ILLUMINA	Pakistan	Karachi	2022-01-20	2022-05-19	2022-01-20	Date	PASS	.	.	T	F	.	COVID-ARTIC-V3	1376	.	BA.1.1	Probable Omicron (BA.1-like)	.	.	.	29800	0	BA.1.1	Probable Omicron (BA.1-like)
T	PRJNA764553	SAMN28462085	SRX15299759	SRR19239008	1	ILLUMINA	Pakistan	Karachi	2022-01-19	2022-05-19	2022-01-19	Date	PASS	.	.	T	F	.	COVID-ARTIC-V3	818	.	BA.1	Omicron (BA.1-like)	.	.	.	29797	0	BA.1	Omicron (BA.1-like)
T	PRJNA764553	SAMN28462147	SRX15299758	SRR19239009	1	ILLUMINA	Pakistan	Karachi	2021-12-20	2022-05-19	2021-12-20	Date	PASS	.	.	T	F	.	COVID-ARTIC-V3	2686	.	BA.1.1	Probable Omicron (BA.1-like)	.	.	.	29510	0	BA.1.1	Probable Omicron (BA.1-like)
T	PRJNA764553	SAMN28462102	SRX15299757	SRR19239010	1	ILLUMINA	Pakistan	Karachi	2022-02-03	2022-05-19	2022-02-03	Date	PASS	.	.	T	F	.	COVID-ARTIC-V4.1	320	.	BA.1.1	Omicron (BA.1-like)	.	.	.	29799	1	BA.1.1	Omicron (BA.1-like)
T	PRJNA764553	SAMN28462101	SRX15299756	SRR19239011	1	ILLUMINA	Pakistan	Karachi	2022-02-03	2022-05-19	2022-02-03	Date	PASS	.	.	T	F	.	COVID-ARTIC-V4.1	312	.	BA.1.1	Omicron (BA.1-like)	.	.	.	29799	0	BA.1.1	Omicron (BA.1-like)
T	PRJNA764553	SAMN28462100	SRX15299755	SRR19239012	1	ILLUMINA	Pakistan	Karachi	2022-02-03	2022-05-19	2022-02-03	Date	PASS	.	.	T	F	.	COVID-ARTIC-V3	2018	.	BA.1.1	Omicron (BA.1-like)	.	.	.	29510	1	BA.1.1	Omicron (BA.1-like)
T	PRJNA764553	SAMN28462099	SRX15299754	SRR19239013	1	ILLUMINA	Pakistan	Karachi	2022-02-03	2022-05-19	2022-02-03	Date	PASS	.	.	T	F	.	COVID-ARTIC-V3	640	.	BA.2	Omicron (BA.2-like)	.	.	.	29493	1	BA.2	Omicron (BA.2-like)
T	PRJNA764553	SAMN28462098	SRX15299753	SRR19239014	1	ILLUMINA	Pakistan	Karachi	2022-02-02	2022-05-19	2022-02-02	Date	PASS	.	.	T	F	.	COVID-ARTIC-V3	2150	.	BA.1.1	Omicron (BA.1-like)	.	.	.	29800	0	BA.1.1	Omicron (BA.1-like)
T	PRJNA764553	SAMN28462080	SRX15299752	SRR19239015	1	ILLUMINA	Pakistan	Karachi	2022-01-16	2022-05-19	2022-01-16	Date	PASS	.	.	T	F	.	COVID-ARTIC-V3	1065	.	BA.1.1	Omicron (BA.1-like)	.	.	.	29806	0	BA.1.1	Omicron (BA.1-like)
T	PRJNA764553	SAMN28462097	SRX15299751	SRR19239016	1	ILLUMINA	Pakistan	Karachi	2022-02-02	2022-05-19	2022-02-02	Date	PASS	.	.	T	F	.	COVID-ARTIC-V3	1990	.	BA.1.1	Omicron (BA.1-like)	.	.	.	29510	0	BA.1.1	Omicron (BA.1-like)
T	PRJNA764553	SAMN28462096	SRX15299750	SRR19239017	1	ILLUMINA	Pakistan	Karachi	2022-02-02	2022-05-19	2022-02-02	Date	PASS	.	.	T	F	.	COVID-ARTIC-V3	2048	.	BA.1.1	Omicron (BA.1-like)	.	.	.	29510	1	BA.1.1	Omicron (BA.1-like)
T	PRJNA764553	SAMN28462095	SRX15299749	SRR19239018	1	ILLUMINA	Pakistan	Karachi	2022-02-02	2022-05-19	2022-02-02	Date	PASS	.	.	T	F	.	COVID-ARTIC-V3	852	.	BA.1.1	Omicron (BA.1-like)	.	.	.	29806	1	BA.1.1	Omicron (BA.1-like)
T	PRJNA764553	SAMN28462094	SRX15299748	SRR19239019	1	ILLUMINA	Pakistan	Karachi	2022-02-01	2022-05-19	2022-02-01	Date	PASS	.	.	T	F	.	COVID-ARTIC-V3	751	.	BA.1.1	Omicron (BA.1-like)	.	.	.	29806	2	BA.1.1	Omicron (BA.1-like)
T	PRJNA764553	SAMN28462093	SRX15299747	SRR19239020	1	ILLUMINA	Pakistan	Karachi	2022-02-01	2022-05-19	2022-02-01	Date	PASS	.	.	T	F	.	COVID-ARTIC-V3	1879	.	BA.1	Omicron (BA.1-like)	.	.	.	29516	0	BA.1	Omicron (BA.1-like)
T	PRJNA764553	SAMN28462092	SRX15299746	SRR19239021	1	ILLUMINA	Pakistan	Karachi	2022-02-01	2022-05-19	2022-02-01	Date	PASS	.	.	T	F	.	COVID-ARTIC-V3	2003	.	BA.1.1	Omicron (BA.1-like)	.	.	.	29510	1	BA.1.1	Omicron (BA.1-like)
T	PRJNA764553	SAMN28462091	SRX15299745	SRR19239022	1	ILLUMINA	Pakistan	Karachi	2022-01-21	2022-05-19	2022-01-21	Date	PASS	.	.	T	F	.	COVID-ARTIC-V3	1180	.	BA.1	Omicron (BA.1-like)	.	.	.	29800	0	BA.1	Omicron (BA.1-like)
T	PRJNA764553	SAMN28462090	SRX15299744	SRR19239023	1	ILLUMINA	Pakistan	Karachi	2022-01-20	2022-05-19	2022-01-20	Date	PASS	.	.	T	F	.	COVID-ARTIC-V3	2287	.	BA.1.1	Probable Omicron (BA.1-like)	.	.	.	29510	0	BA.1.1	Probable Omicron (BA.1-like)
T	PRJNA764553	SAMN28462089	SRX15299743	SRR19239024	1	ILLUMINA	Pakistan	Karachi	2022-01-20	2022-05-19	2022-01-20	Date	PASS	.	.	T	F	.	COVID-ARTIC-V3	1074	.	BA.1.1.1	Omicron (BA.1-like)	.	.	.	29806	0	BA.1.1.1	Omicron (BA.1-like)
T	PRJNA764553	SAMN28462088	SRX15299742	SRR19239025	1	ILLUMINA	Pakistan	Karachi	2022-01-20	2022-05-19	2022-01-20	Date	PASS	.	.	T	F	.	COVID-ARTIC-V3	1052	.	BA.1	Omicron (BA.1-like)	.	.	.	29806	0	BA.1	Omicron (BA.1-like)
T	PRJNA764553	SAMN28462079	SRX15299741	SRR19239026	1	ILLUMINA	Pakistan	Karachi	2022-01-16	2022-05-19	2022-01-16	Date	PASS	.	.	T	F	.	COVID-ARTIC-V3	1895	.	BA.1	Probable Omicron (BA.1-like)	.	.	.	29800	0	BA.1	Probable Omicron (BA.1-like)
T	PRJNA764553	SAMN28462078	SRX15299740	SRR19239027	1	ILLUMINA	Pakistan	Karachi	2022-01-16	2022-05-19	2022-01-16	Date	PASS	.	.	T	F	.	COVID-ARTIC-V3	620	.	BA.1.1	Omicron (BA.1-like)	.	.	.	29806	0	BA.1.1	Omicron (BA.1-like)
T	PRJNA764553	SAMN29815365	SRX16339297	SRR20305776	1	ILLUMINA	Pakistan	Karachi	2022-06-13	2022-07-20	2022-06-13	Date	PASS	.	.	T	F	.	COVID-ARTIC-V4.1	1724	.	BA.5.2.1	Omicron (BA.5-like)	.	.	.	29770	1	BA.5.2.1	Omicron (BA.5-like)
T	PRJNA764553	SAMN29815364	SRX16339296	SRR20305777	1	ILLUMINA	Pakistan	Karachi	2022-06-13	2022-07-20	2022-06-13	Date	PASS	.	.	T	F	.	COVID-ARTIC-V4.1	878	.	BA.2	Omicron (BA.2-like)	.	.	.	29776	2	BA.2	Omicron (BA.2-like)
T	PRJNA764553	SAMN29815363	SRX16339295	SRR20305778	1	ILLUMINA	Pakistan	Karachi	2022-06-13	2022-07-20	2022-06-13	Date	PASS	.	.	F	F	.	COVID-ARTIC-V4.1	7771	.	BA.5.2.27	Probable Omicron (Unassigned)	.	.	.	29773	5	BA.4	Probable Omicron (Unassigned)
T	PRJNA764553	SAMN29815362	SRX16339294	SRR20305779	1	ILLUMINA	Pakistan	Karachi	2022-06-13	2022-07-20	2022-06-13	Date	PASS	.	.	T	F	.	COVID-ARTIC-V4.1	3709	.	BA.5.2	Omicron (BA.2-like)	.	.	.	29766	0	BA.5.2	Omicron (BA.2-like)
T	PRJNA764553	SAMN29815317	SRX16339293	SRR20305780	1	ILLUMINA	Pakistan	Karachi	2022-02-19	2022-07-20	2022-02-19	Date	PASS	.	.	T	F	.	COVID-ARTIC-V4.1	2451	.	BA.2	Omicron (BA.2-like)	.	.	.	29776	1	BA.2	Omicron (BA.2-like)
T	PRJNA764553	SAMN29815361	SRX16339292	SRR20305781	1	ILLUMINA	Pakistan	Karachi	2022-06-13	2022-07-20	2022-06-13	Date	PASS	.	.	T	F	.	COVID-ARTIC-V4.1	214	.	BA.5.2	Omicron (BA.5-like)	.	.	.	29770	1	BA.5.2	Omicron (BA.5-like)
T	PRJNA764553	SAMN29815360	SRX16339291	SRR20305782	1	ILLUMINA	Pakistan	Karachi	2022-06-13	2022-07-20	2022-06-13	Date	PASS	.	.	F	F	.	COVID-ARTIC-V4.1	6101	.	BA.2.3	Probable Omicron (BA.2-like)	.	.	.	29554	5	BA.2.3	Probable Omicron (BA.2-like)
T	PRJNA764553	SAMN29815359	SRX16339290	SRR20305783	1	ILLUMINA	Pakistan	Karachi	2022-06-13	2022-07-20	2022-06-13	Date	PASS	.	.	T	F	.	COVID-ARTIC-V4.1	3700	.	BA.5.2	Omicron (Unassigned)	.	.	.	29770	0	BA.5.2	Omicron (Unassigned)
T	PRJNA764553	SAMN29815358	SRX16339289	SRR20305784	1	ILLUMINA	Pakistan	Karachi	2022-06-13	2022-07-20	2022-06-13	Date	PASS	.	.	T	F	.	COVID-ARTIC-V4.1	1288	.	BA.5.2.1	Omicron (BA.5-like)	.	.	.	29770	0	BA.5.2.1	Omicron (BA.5-like)
T	PRJNA764553	SAMN29815357	SRX16339288	SRR20305785	1	ILLUMINA	Pakistan	Karachi	2022-06-12	2022-07-20	2022-06-12	Date	PASS	.	.	T	F	.	COVID-ARTIC-V4.1	598	.	BA.5.2.3	Omicron (BA.5-like)	.	.	.	29770	0	BA.5.2.3	Omicron (BA.5-like)
T	PRJNA764553	SAMN29815356	SRX16339287	SRR20305786	1	ILLUMINA	Pakistan	Karachi	2022-06-09	2022-07-20	2022-06-09	Date	PASS	.	.	T	F	.	COVID-ARTIC-V4.1	560	.	BA.2.12.1	Omicron (BA.2-like)	.	.	.	29776	2	BA.2.12.1	Omicron (BA.2-like)
T	PRJNA764553	SAMN29815355	SRX16339286	SRR20305787	1	ILLUMINA	Pakistan	Karachi	2022-06-09	2022-07-20	2022-06-09	Date	PASS	.	.	T	F	.	COVID-ARTIC-V4.1	487	.	BA.5.2	Omicron (BA.5-like)	.	.	.	29769	0	BA.5.2	Omicron (BA.5-like)
T	PRJNA764553	SAMN29815354	SRX16339285	SRR20305788	1	ILLUMINA	Pakistan	Karachi	2022-06-09	2022-07-20	2022-06-09	Date	PASS	.	.	T	F	.	COVID-ARTIC-V4.1	1118	.	BA.2	Omicron (BA.2-like)	.	.	.	29776	0	BA.2	Omicron (BA.2-like)
T	PRJNA764553	SAMN29815353	SRX16339284	SRR20305789	1	ILLUMINA	Pakistan	Karachi	2022-06-08	2022-07-20	2022-06-08	Date	PASS	.	.	T	F	.	COVID-ARTIC-V4.1	0	.	BA.5.2	Omicron (BA.5-like)	.	.	.	29770	0	BA.5.2	Omicron (BA.5-like)
T	PRJNA764553	SAMN29815352	SRX16339283	SRR20305790	1	ILLUMINA	Pakistan	Karachi	2022-06-08	2022-07-20	2022-06-08	Date	PASS	.	.	T	F	.	COVID-ARTIC-V4.1	3165	.	BA.4.1	Omicron (BA.2-like)	.	.	.	29462	1	BA.4.1	Omicron (BA.2-like)
T	PRJNA764553	SAMN29815316	SRX16339282	SRR20305791	1	ILLUMINA	Pakistan	Karachi	2022-02-19	2022-07-20	2022-02-19	Date	PASS	.	.	T	F	.	COVID-ARTIC-V4.1	2653	.	BA.1	Omicron (BA.1-like)	.	.	.	29799	0	BA.1	Omicron (BA.1-like)
T	PRJNA764553	SAMN29815351	SRX16339281	SRR20305792	1	ILLUMINA	Pakistan	Karachi	2022-06-08	2022-07-20	2022-06-08	Date	PASS	.	.	T	F	.	COVID-ARTIC-V4.1	261	.	BA.4.1	Omicron (BA.4-like)	.	.	.	29761	0	BA.4.1	Omicron (BA.4-like)
T	PRJNA764553	SAMN29815350	SRX16339280	SRR20305793	1	ILLUMINA	Pakistan	Karachi	2022-06-07	2022-07-20	2022-06-07	Date	PASS	.	.	T	F	.	COVID-ARTIC-V4.1	36	.	BA.4.1	Omicron (BA.4-like)	.	.	.	29761	0	BA.4.1	Omicron (BA.4-like)
T	PRJNA764553	SAMN29815349	SRX16339279	SRR20305794	1	ILLUMINA	Pakistan	Karachi	2022-06-07	2022-07-20	2022-06-07	Date	PASS	.	.	T	F	.	COVID-ARTIC-V4.1	0	.	BA.4.1	Omicron (BA.4-like)	.	.	.	29761	0	BA.4.1	Omicron (BA.4-like)
T	PRJNA764553	SAMN29815348	SRX16339278	SRR20305795	1	ILLUMINA	Pakistan	Karachi	2022-06-07	2022-07-20	2022-06-07	Date	PASS	.	.	T	F	.	COVID-ARTIC-V4.1	0	.	BE.3	Omicron (BA.5-like)	.	.	.	29767	0	BE.3	Omicron (BA.5-like)
T	PRJNA764553	SAMN29815347	SRX16339277	SRR20305796	1	ILLUMINA	Pakistan	Karachi	2022-06-06	2022-07-20	2022-06-06	Date	PASS	.	.	T	F	.	COVID-ARTIC-V4.1	0	.	BA.2	Omicron (BA.2-like)	.	.	.	29775	1	BA.2	Omicron (BA.2-like)
T	PRJNA764553	SAMN29815346	SRX16339276	SRR20305797	1	ILLUMINA	Pakistan	Karachi	2022-06-06	2022-07-20	2022-06-06	Date	PASS	.	.	T	F	.	COVID-ARTIC-V4.1	0	.	BA.5.2	Omicron (BA.5-like)	.	.	.	29770	1	BA.5.2	Omicron (BA.5-like)
T	PRJNA764553	SAMN29815345	SRX16339275	SRR20305798	1	ILLUMINA	Pakistan	Karachi	2022-06-06	2022-07-20	2022-06-06	Date	PASS	.	.	T	F	.	COVID-ARTIC-V4.1	0	.	BA.2	Omicron (BA.2-like)	.	.	.	29775	1	BA.2	Omicron (BA.2-like)
T	PRJNA764553	SAMN29815344	SRX16339274	SRR20305799	1	ILLUMINA	Pakistan	Karachi	2022-06-06	2022-07-20	2022-06-06	Date	PASS	.	.	T	F	.	COVID-ARTIC-V4.1	0	.	BA.2	Omicron (BA.2-like)	.	.	.	29770	0	BA.2	Omicron (BA.2-like)
T	PRJNA764553	SAMN29815343	SRX16339273	SRR20305800	1	ILLUMINA	Pakistan	Karachi	2022-06-06	2022-07-20	2022-06-06	Date	PASS	.	.	T	F	.	COVID-ARTIC-V4.1	0	.	BE.3	Omicron (BA.5-like)	.	.	.	29770	0	BE.3	Omicron (BA.5-like)
T	PRJNA764553	SAMN29815342	SRX16339272	SRR20305801	1	ILLUMINA	Pakistan	Karachi	2022-06-06	2022-07-20	2022-06-06	Date	PASS	.	.	T	F	.	COVID-ARTIC-V4.1	2074	.	BA.5.2	Omicron (BA.5-like)	.	.	.	29459	1	BA.5.2	Omicron (BA.5-like)
T	PRJNA764553	SAMN29815315	SRX16339271	SRR20305802	1	ILLUMINA	Pakistan	Karachi	2022-02-19	2022-07-20	2022-02-19	Date	PASS	.	.	T	F	.	COVID-ARTIC-V4.1	1778	.	BA.2	Omicron (BA.2-like)	.	.	.	29777	1	BA.2	Omicron (BA.2-like)
T	PRJNA764553	SAMN29815341	SRX16339270	SRR20305803	1	ILLUMINA	Pakistan	Karachi	2022-06-05	2022-07-20	2022-06-05	Date	PASS	.	.	T	F	.	COVID-ARTIC-V4.1	182	.	BA.2.12.1	Omicron (BA.2-like)	.	.	.	29776	0	BA.2.12.1	Omicron (BA.2-like)
T	PRJNA764553	SAMN29815340	SRX16339269	SRR20305804	1	ILLUMINA	Pakistan	Karachi	2022-06-05	2022-07-20	2022-06-05	Date	PASS	.	.	T	F	.	COVID-ARTIC-V4.1	66	.	BA.5.2	Omicron (BA.5-like)	.	.	.	29770	1	BA.5.2	Omicron (BA.5-like)
T	PRJNA764553	SAMN29815339	SRX16339268	SRR20305805	1	ILLUMINA	Pakistan	Karachi	2022-06-03	2022-07-20	2022-06-03	Date	PASS	.	.	T	F	.	COVID-ARTIC-V4.1	0	.	BA.5.2.1	Omicron (BA.5-like)	.	.	.	29770	0	BA.5.2.1	Omicron (BA.5-like)
T	PRJNA764553	SAMN29815338	SRX16339267	SRR20305806	1	ILLUMINA	Pakistan	Karachi	2022-06-03	2022-07-20	2022-06-03	Date	PASS	.	.	F	F	.	COVID-ARTIC-V4.1	8548	.	BA.5	Omicron (Unassigned)	.	.	.	29776	3	BA.5	Omicron (Unassigned)
T	PRJNA764553	SAMN29815337	SRX16339266	SRR20305807	1	ILLUMINA	Pakistan	Karachi	2022-06-03	2022-07-20	2022-06-03	Date	PASS	.	.	T	F	.	COVID-ARTIC-V4.1	0	.	BE.3	Omicron (BA.5-like)	.	.	.	29769	0	BE.3	Omicron (BA.5-like)
T	PRJNA764553	SAMN29815321	SRX16339265	SRR20305808	1	ILLUMINA	Pakistan	Karachi	2022-02-20	2022-07-20	2022-02-20	Date	PASS	.	.	T	F	.	COVID-ARTIC-V4.1	85	.	BA.2	Omicron (BA.2-like)	.	.	.	29776	1	BA.2	Omicron (BA.2-like)
T	PRJNA764553	SAMN29815320	SRX16339264	SRR20305809	1	ILLUMINA	Pakistan	Karachi	2022-02-20	2022-07-20	2022-02-20	Date	PASS	.	.	T	F	.	COVID-ARTIC-V4.1	544	.	BA.1.1	Omicron (BA.1-like)	.	.	.	29799	0	BA.1.1	Omicron (BA.1-like)
T	PRJNA764553	SAMN29815319	SRX16339263	SRR20305810	1	ILLUMINA	Pakistan	Karachi	2022-02-20	2022-07-20	2022-02-20	Date	PASS	.	.	T	F	.	COVID-ARTIC-V4.1	310	.	BA.2	Omicron (BA.2-like)	.	.	.	29776	1	BA.2	Omicron (BA.2-like)
T	PRJNA764553	SAMN29815377	SRX16339262	SRR20305811	1	ILLUMINA	Pakistan	Karachi	2022-06-14	2022-07-20	2022-06-14	Date	PASS	.	.	T	F	.	COVID-ARTIC-V4.1	1356	.	BA.5.2.1	Omicron (BA.2-like)	.	.	.	29770	0	BA.5.2.1	Omicron (BA.2-like)
T	PRJNA764553	SAMN29815376	SRX16339261	SRR20305812	1	ILLUMINA	Pakistan	Karachi	2022-06-14	2022-07-20	2022-06-14	Date	PASS	.	.	T	F	.	COVID-ARTIC-V4.1	10	.	BA.5.2	Omicron (BA.5-like)	.	.	.	29770	0	BA.5.2	Omicron (BA.5-like)
T	PRJNA764553	SAMN29815375	SRX16339260	SRR20305813	1	ILLUMINA	Pakistan	Karachi	2022-06-14	2022-07-20	2022-06-14	Date	PASS	.	.	T	F	.	COVID-ARTIC-V4.1	1889	.	BA.5.2	Omicron (BA.5-like)	.	.	.	29769	2	BA.5.2	Omicron (BA.5-like)
T	PRJNA764553	SAMN29815374	SRX16339259	SRR20305814	1	ILLUMINA	Pakistan	Karachi	2022-06-14	2022-07-20	2022-06-14	Date	PASS	.	.	T	F	.	COVID-ARTIC-V4.1	1296	.	BA.5.2	Omicron (BA.5-like)	.	.	.	29770	0	BA.5.2	Omicron (BA.5-like)
T	PRJNA764553	SAMN29815373	SRX16339258	SRR20305815	1	ILLUMINA	Pakistan	Karachi	2022-06-14	2022-07-20	2022-06-14	Date	PASS	.	.	T	F	.	COVID-ARTIC-V4.1	1122	.	BA.5.2	Omicron (BA.5-like)	.	.	.	29770	2	BA.5.2	Omicron (BA.5-like)
T	PRJNA764553	SAMN29815372	SRX16339257	SRR20305816	1	ILLUMINA	Pakistan	Karachi	2022-06-14	2022-07-20	2022-06-14	Date	PASS	.	.	T	F	.	COVID-ARTIC-V4.1	0	.	BA.5.2.1	Omicron (BA.5-like)	.	.	.	29770	0	BA.5.2.1	Omicron (BA.5-like)
T	PRJNA764553	SAMN29815318	SRX16339256	SRR20305817	1	ILLUMINA	Pakistan	Karachi	2022-02-20	2022-07-20	2022-02-20	Date	PASS	.	.	T	F	.	COVID-ARTIC-V4.1	139	.	BA.1.1	Omicron (BA.1-like)	.	.	.	29799	0	BA.1.1	Omicron (BA.1-like)
T	PRJNA764553	SAMN29815371	SRX16339255	SRR20305818	1	ILLUMINA	Pakistan	Karachi	2022-06-14	2022-07-20	2022-06-14	Date	PASS	.	.	T	F	.	COVID-ARTIC-V4.1	3	.	BA.5.2.1	Omicron (BA.5-like)	.	.	.	29770	0	BA.5.2.1	Omicron (BA.5-like)
T	PRJNA764553	SAMN29815370	SRX16339254	SRR20305819	1	ILLUMINA	Pakistan	Karachi	2022-06-14	2022-07-20	2022-06-14	Date	PASS	.	.	T	F	.	COVID-ARTIC-V4.1	606	.	BA.2	Omicron (BA.2-like)	.	.	.	29776	0	BA.2	Omicron (BA.2-like)
T	PRJNA764553	SAMN29815369	SRX16339253	SRR20305820	1	ILLUMINA	Pakistan	Karachi	2022-06-14	2022-07-20	2022-06-14	Date	PASS	.	.	T	F	.	COVID-ARTIC-V4.1	1188	.	BA.5.2	Omicron (BA.2-like)	.	.	.	29770	1	BA.5.2	Omicron (BA.2-like)
T	PRJNA764553	SAMN29815368	SRX16339252	SRR20305821	1	ILLUMINA	Pakistan	Karachi	2022-06-14	2022-07-20	2022-06-14	Date	PASS	.	.	T	F	.	COVID-ARTIC-V4.1	247	.	BA.5.2	Omicron (BA.5-like)	.	.	.	29770	1	BA.5.2	Omicron (BA.5-like)
T	PRJNA764553	SAMN29815367	SRX16339251	SRR20305822	1	ILLUMINA	Pakistan	Karachi	2022-06-14	2022-07-20	2022-06-14	Date	PASS	.	.	T	F	.	COVID-ARTIC-V4.1	4396	.	BA.5.2	Omicron (BA.2-like)	.	.	.	29768	0	BA.5.2	Omicron (BA.2-like)
T	PRJNA764553	SAMN29815366	SRX16339250	SRR20305823	1	ILLUMINA	Pakistan	Karachi	2022-06-14	2022-07-20	2022-06-14	Date	PASS	.	.	F	F	.	COVID-ARTIC-V4.1	5067	.	BA.5.2	Omicron (BA.2-like)	.	.	.	29471	0	BA.5.2	Omicron (BA.2-like)
T	PRJNA764553	SAMN29815336	SRX16339249	SRR20305824	1	ILLUMINA	Pakistan	Karachi	2022-06-02	2022-07-20	2022-06-02	Date	PASS	.	.	F	F	.	COVID-ARTIC-V4.1	0	.	B	.	.	.	.	29802	9	B	.
T	PRJNA764553	SAMN29815335	SRX16339248	SRR20305825	1	ILLUMINA	Pakistan	Karachi	2022-06-02	2022-07-20	2022-06-02	Date	PASS	.	.	F	F	.	COVID-ARTIC-V4.1	10998	.	Unassigned	Probable Omicron (Unassigned)	.	.	.	29484	1	Unassigned	Probable Omicron (Unassigned)
T	PRJNA764553	SAMN29815334	SRX16339247	SRR20305826	1	ILLUMINA	Pakistan	Karachi	2022-06-01	2022-07-20	2022-06-01	Date	PASS	.	.	T	F	.	COVID-ARTIC-V4.1	377	.	BA.5.2	Omicron (BA.5-like)	.	.	.	29770	0	BA.5.2	Omicron (BA.5-like)
T	PRJNA764553	SAMN29815333	SRX16339246	SRR20305827	1	ILLUMINA	Pakistan	Karachi	2022-05-31	2022-07-20	2022-05-31	Date	PASS	.	.	T	F	.	COVID-ARTIC-V4.1	0	.	BA.5.2.1	Omicron (BA.5-like)	.	.	.	29761	0	BA.5.2.1	Omicron (BA.5-like)
T	PRJNA764553	SAMN29815332	SRX16339245	SRR20305828	1	ILLUMINA	Pakistan	Karachi	2022-03-29	2022-07-20	2022-03-29	Date	PASS	.	.	T	F	.	COVID-ARTIC-V4.1	1149	.	BA.2	Omicron (BA.2-like)	.	.	.	29776	0	BA.2	Omicron (BA.2-like)
T	PRJNA764553	SAMN29815314	SRX16339244	SRR20305829	1	ILLUMINA	Pakistan	Karachi	2022-02-18	2022-07-20	2022-02-18	Date	PASS	.	.	T	F	.	COVID-ARTIC-V4.1	891	.	BA.2	Omicron (BA.2-like)	.	.	.	29776	0	BA.2	Omicron (BA.2-like)
T	PRJNA764553	SAMN29815331	SRX16339243	SRR20305830	1	ILLUMINA	Pakistan	Karachi	2022-03-29	2022-07-20	2022-03-29	Date	PASS	.	.	T	F	.	COVID-ARTIC-V4.1	700	.	BA.2	Omicron (Unassigned)	.	.	.	29773	0	BA.2	Omicron (Unassigned)
T	PRJNA764553	SAMN29815330	SRX16339242	SRR20305831	1	ILLUMINA	Pakistan	Karachi	2022-07-03	2022-07-20	2022-03-07	End	PASS	.	.	T	F	.	COVID-ARTIC-V4.1	4159	.	BA.2	Omicron (BA.2-like)	.	.	.	29471	0	BA.2	Omicron (BA.2-like)
T	PRJNA764553	SAMN29815329	SRX16339241	SRR20305832	1	ILLUMINA	Pakistan	Karachi	2022-04-03	2022-07-20	2022-03-04	End	PASS	.	.	T	F	.	COVID-ARTIC-V4.1	2171	.	BA.2	Omicron (BA.2-like)	.	.	.	29771	0	BA.2	Omicron (BA.2-like)
T	PRJNA764553	SAMN29815328	SRX16339240	SRR20305833	1	ILLUMINA	Pakistan	Karachi	2022-02-25	2022-07-20	2022-02-25	Date	PASS	.	.	T	F	.	COVID-ARTIC-V4.1	2196	.	BA.2	Omicron (BA.2-like)	.	.	.	29776	0	BA.2	Omicron (BA.2-like)
T	PRJNA764553	SAMN29815327	SRX16339239	SRR20305834	1	ILLUMINA	Pakistan	Karachi	2022-02-24	2022-07-20	2022-02-24	Date	PASS	.	.	T	F	.	COVID-ARTIC-V4.1	306	.	BA.2	Omicron (BA.2-like)	.	.	.	29771	1	BA.2	Omicron (BA.2-like)
T	PRJNA764553	SAMN29815326	SRX16339238	SRR20305835	1	ILLUMINA	Pakistan	Karachi	2022-02-24	2022-07-20	2022-02-24	Date	PASS	.	.	T	F	.	COVID-ARTIC-V4.1	188	.	BA.2	Omicron (BA.2-like)	.	.	.	29776	0	BA.2	Omicron (BA.2-like)
T	PRJNA764553	SAMN29815325	SRX16339237	SRR20305836	1	ILLUMINA	Pakistan	Karachi	2022-02-24	2022-07-20	2022-02-22	End	PASS	.	.	T	F	.	COVID-ARTIC-V4.1	1704	.	BA.2	Omicron (BA.2-like)	.	.	.	29776	1	BA.2	Omicron (BA.2-like)
T	PRJNA764553	SAMN29815324	SRX16339236	SRR20305837	1	ILLUMINA	Pakistan	Karachi	2022-02-22	2022-07-20	2022-02-22	Date	PASS	.	.	T	F	.	COVID-ARTIC-V4.1	1519	.	BA.2	Omicron (BA.2-like)	.	.	.	29776	1	BA.2	Omicron (BA.2-like)
T	PRJNA764553	SAMN29815323	SRX16339235	SRR20305838	1	ILLUMINA	Pakistan	Karachi	2022-02-20	2022-07-20	2022-02-20	Date	PASS	.	.	F	F	.	COVID-ARTIC-V4.1	8624	.	BA.2	Probable Omicron (Unassigned)	.	.	.	29183	0	BA.2	Probable Omicron (Unassigned)
T	PRJNA764553	SAMN29815322	SRX16339234	SRR20305839	1	ILLUMINA	Pakistan	Karachi	2022-02-20	2022-07-20	2022-02-20	Date	PASS	.	.	T	F	.	COVID-ARTIC-V4.1	810	.	BA.2	Omicron (BA.2-like)	.	.	.	29776	1	BA.2	Omicron (BA.2-like)
T	PRJNA764553	SAMN29815313	SRX16339233	SRR20305840	1	ILLUMINA	Pakistan	Karachi	2022-02-18	2022-07-20	2022-02-18	Date	PASS	.	.	T	F	.	COVID-ARTIC-V4.1	2078	.	BA.2	Omicron (BA.2-like)	.	.	.	29776	1	BA.2.56	Omicron (BA.2-like)
T	PRJNA764553	SAMN29815312	SRX16339232	SRR20305841	1	ILLUMINA	Pakistan	Karachi	2022-02-15	2022-07-20	2022-02-15	Date	PASS	.	.	T	F	.	COVID-ARTIC-V4.1	274	.	BA.1.1	Omicron (BA.1-like)	.	.	.	29799	1	BA.1.1	Omicron (BA.1-like)
T	PRJNA764553	SAMN29815387	SRX16339319	SRR20305842	1	ILLUMINA	Pakistan	Karachi	2022-06-14	2022-07-20	2022-06-14	Date	PASS	.	.	F	F	.	COVID-ARTIC-V4.1	3813	.	BA.5.2	Omicron (Unassigned)	.	.	.	29770	9	BA.5.2	Omicron (Unassigned)
T	PRJNA764553	SAMN29815386	SRX16339318	SRR20305843	1	ILLUMINA	Pakistan	Karachi	2022-06-14	2022-07-20	2022-06-14	Date	PASS	.	.	T	F	.	COVID-ARTIC-V4.1	579	.	BA.2	Omicron (BA.2-like)	.	.	.	29776	0	BA.2	Omicron (BA.2-like)
T	PRJNA764553	SAMN29815385	SRX16339317	SRR20305844	1	ILLUMINA	Pakistan	Karachi	2022-02-21	2022-07-20	2022-02-21	Date	PASS	.	.	F	F	.	COVID-ARTIC-V4.1	1943	.	BA.1	Omicron (Unassigned)	.	.	.	29798	26	BA.1	Omicron (Unassigned)
T	PRJNA764553	SAMN29815384	SRX16339316	SRR20305845	1	ILLUMINA	Pakistan	Karachi	2022-02-05	2022-07-20	2022-02-05	Date	PASS	.	.	F	F	.	COVID-ARTIC-V4.1	1493	.	BA.1.1	Omicron (BA.1-like)	.	.	.	29799	8	BA.1.1	Omicron (BA.1-like)
T	PRJNA764553	SAMN29815383	SRX16339315	SRR20305846	1	ILLUMINA	Pakistan	Karachi	2022-02-03	2022-07-20	2022-02-03	Date	PASS	.	.	T	F	.	COVID-ARTIC-V4.1	1187	.	BA.1	Omicron (BA.1-like)	.	.	.	29799	0	BA.1	Omicron (BA.1-like)
T	PRJNA764553	SAMN29815382	SRX16339314	SRR20305847	1	ILLUMINA	Pakistan	Karachi	2022-02-02	2022-07-20	2022-02-02	Date	PASS	.	.	F	F	.	COVID-ARTIC-V4.1	2726	.	BA.5.2	Omicron (Unassigned)	.	.	.	29796	44	BA.5.2	Omicron (Unassigned)
T	PRJNA764553	SAMN29815381	SRX16339313	SRR20305848	1	ILLUMINA	Pakistan	Karachi	2022-02-01	2022-07-20	2022-02-01	Date	PASS	.	.	T	F	.	COVID-ARTIC-V4.1	700	.	BA.1.1	Omicron (BA.1-like)	.	.	.	29799	0	BA.1.1	Omicron (BA.1-like)
T	PRJNA764553	SAMN29815399	SRX16339312	SRR20305849	1	ILLUMINA	Pakistan	Karachi	2022-06-15	2022-07-20	2022-06-15	Date	PASS	.	.	T	F	.	COVID-ARTIC-V4.1	138	.	BA.5.5	Omicron (BA.5-like)	.	.	.	29767	0	BA.5.5	Omicron (BA.5-like)
T	PRJNA764553	SAMN29815398	SRX16339311	SRR20305850	1	ILLUMINA	Pakistan	Karachi	2022-06-15	2022-07-20	2022-06-15	Date	PASS	.	.	T	F	.	COVID-ARTIC-V4.1	689	.	BA.2	Omicron (BA.2-like)	.	.	.	29776	1	BA.2	Omicron (BA.2-like)
T	PRJNA764553	SAMN29815380	SRX16339310	SRR20305851	1	ILLUMINA	Pakistan	Karachi	2022-01-28	2022-07-20	2022-01-28	Date	PASS	.	.	T	F	.	COVID-ARTIC-V4.1	588	.	BA.1.1	Omicron (BA.1-like)	.	.	.	29799	0	BA.1.1	Omicron (BA.1-like)
T	PRJNA764553	SAMN29815397	SRX16339309	SRR20305852	1	ILLUMINA	Pakistan	Karachi	2022-06-15	2022-07-20	2022-06-15	Date	PASS	.	.	T	F	.	COVID-ARTIC-V4.1	622	.	BA.5.2	Omicron (BA.5-like)	.	.	.	29770	0	BA.5.2	Omicron (BA.5-like)
T	PRJNA764553	SAMN29815396	SRX16339308	SRR20305853	1	ILLUMINA	Pakistan	Karachi	2022-06-15	2022-07-20	2022-06-15	Date	PASS	.	.	T	F	.	COVID-ARTIC-V4.1	581	.	BA.5.2	Omicron (BA.5-like)	.	.	.	29770	1	BA.5.2	Omicron (BA.5-like)
